product_id,date,daily_units,moving_avg_7d
P0001,2025-07-26,58,58.0
P0001,2025-07-27,49,53.5
P0001,2025-07-28,53,53.33
P0001,2025-07-29,37,49.25
P0001,2025-07-30,57,50.8
P0001,2025-07-31,56,51.67
P0001,2025-08-01,68,54.0
P0001,2025-08-02,60,54.29
P0001,2025-08-03,76,58.14
P0001,2025-08-04,54,58.29
P0001,2025-08-05,46,59.57
P0001,2025-08-06,41,57.29
P0001,2025-08-07,56,57.29
P0001,2025-08-08,65,56.86
P0001,2025-08-09,58,56.57
P0001,2025-08-10,58,54.0
P0001,2025-08-11,40,52.0
P0001,2025-08-12,45,51.86
P0001,2025-08-13,39,51.57
P0001,2025-08-14,49,50.57
P0001,2025-08-15,60,49.86
P0001,2025-08-16,80,53.0
P0001,2025-08-17,62,53.57
P0001,2025-08-18,46,54.43
P0001,2025-08-19,50,55.14
P0001,2025-08-20,55,57.43
P0001,2025-08-21,37,55.71
P0001,2025-08-22,80,58.57
P0001,2025-08-23,67,56.71
P0001,2025-08-24,57,56.0
P0001,2025-08-25,52,56.86
P0001,2025-08-26,54,57.43
P0001,2025-08-27,45,56.0
P0001,2025-08-28,39,56.29
P0001,2025-08-29,63,53.86
P0001,2025-08-30,70,54.29
P0001,2025-08-31,62,55.0
P0001,2025-09-01,50,54.71
P0001,2025-09-02,67,56.57
P0001,2025-09-03,52,57.57
P0001,2025-09-04,54,59.71
P0001,2025-09-05,53,58.29
P0001,2025-09-06,60,56.86
P0001,2025-09-07,60,56.57
P0001,2025-09-08,54,57.14
P0001,2025-09-09,62,56.43
P0001,2025-09-10,28,53.0
P0001,2025-09-11,49,52.29
P0001,2025-09-12,61,53.43
P0001,2025-09-13,52,52.29
P0001,2025-09-14,62,52.57
P0001,2025-09-15,60,53.43
P0001,2025-09-16,45,51.0
P0001,2025-09-17,51,54.29
P0001,2025-09-18,46,53.86
P0001,2025-09-19,69,55.0
P0001,2025-09-20,75,58.29
P0001,2025-09-21,75,60.14
P0001,2025-09-22,37,56.86
P0001,2025-09-23,58,58.71
P0001,2025-09-24,63,60.43
P0001,2025-09-25,50,61.0
P0001,2025-09-26,66,60.57
P0001,2025-09-27,53,57.43
P0001,2025-09-28,68,56.43
P0001,2025-09-29,59,59.57
P0001,2025-09-30,49,58.29
P0001,2025-10-01,47,56.0
P0001,2025-10-02,56,56.86
P0001,2025-10-03,61,56.14
P0001,2025-10-04,53,56.14
P0001,2025-10-05,72,56.71
P0001,2025-10-06,44,54.57
P0001,2025-10-07,55,55.43
P0001,2025-10-08,46,55.29
P0001,2025-10-09,39,52.86
P0001,2025-10-10,66,53.57
P0001,2025-10-11,55,53.86
P0001,2025-10-12,52,51.0
P0001,2025-10-13,44,51.0
P0001,2025-10-14,51,50.43
P0001,2025-10-15,51,51.14
P0001,2025-10-16,47,52.29
P0001,2025-10-17,54,50.57
P0001,2025-10-18,57,50.86
P0001,2025-10-19,74,54.0
P0001,2025-10-20,46,54.29
P0001,2025-10-21,39,52.57
P0001,2025-10-22,56,53.29
P0001,2025-10-23,46,53.14
P0001,2025-10-24,57,53.57
P0001,2025-10-25,72,55.71
P0001,2025-10-26,57,53.29
P0001,2025-10-27,60,55.29
P0001,2025-10-28,62,58.57
P0001,2025-10-29,57,58.71
P0001,2025-10-30,40,57.86
P0001,2025-10-31,62,58.57
P0001,2025-11-01,107,63.57
P0001,2025-11-02,95,69.0
P0001,2025-11-03,67,70.0
P0001,2025-11-04,90,74.0
P0001,2025-11-05,62,74.71
P0001,2025-11-06,102,83.57
P0001,2025-11-07,91,87.71
P0001,2025-11-08,85,84.57
P0001,2025-11-09,96,84.71
P0001,2025-11-10,73,85.57
P0001,2025-11-11,71,82.86
P0001,2025-11-12,74,84.57
P0001,2025-11-13,86,82.29
P0001,2025-11-14,93,82.57
P0001,2025-11-15,100,84.71
P0001,2025-11-16,99,85.14
P0001,2025-11-17,70,84.71
P0001,2025-11-18,105,89.57
P0001,2025-11-19,73,89.43
P0001,2025-11-20,85,89.29
P0001,2025-11-21,79,87.29
P0001,2025-11-22,94,86.43
P0001,2025-11-23,97,86.14
P0001,2025-11-24,89,88.86
P0001,2025-11-25,79,85.14
P0001,2025-11-26,82,86.43
P0001,2025-11-27,75,85.0
P0001,2025-11-28,114,90.0
P0001,2025-11-29,104,91.43
P0001,2025-11-30,101,92.0
P0001,2025-12-01,69,89.14
P0001,2025-12-02,80,89.29
P0001,2025-12-03,78,88.71
P0001,2025-12-04,76,88.86
P0001,2025-12-05,120,89.71
P0001,2025-12-06,80,86.29
P0001,2025-12-07,75,82.57
P0001,2025-12-08,68,82.43
P0001,2025-12-09,80,82.43
P0001,2025-12-10,96,85.0
P0001,2025-12-11,64,83.29
P0001,2025-12-12,92,79.29
P0001,2025-12-13,88,80.43
P0001,2025-12-14,110,85.43
P0001,2025-12-15,73,86.14
P0001,2025-12-16,66,84.14
P0001,2025-12-17,92,83.57
P0001,2025-12-18,72,84.71
P0001,2025-12-19,82,83.29
P0001,2025-12-20,101,85.14
P0001,2025-12-21,95,83.0
P0001,2025-12-22,64,81.71
P0001,2025-12-23,73,82.71
P0001,2025-12-24,79,80.86
P0001,2025-12-25,76,81.43
P0001,2025-12-26,101,84.14
P0001,2025-12-27,95,83.29
P0001,2025-12-28,93,83.0
P0001,2025-12-29,85,86.0
P0001,2025-12-30,79,86.86
P0001,2025-12-31,63,84.57
P0001,2026-01-01,49,80.71
P0001,2026-01-02,60,74.86
P0001,2026-01-03,71,71.43
P0001,2026-01-04,58,66.43
P0001,2026-01-05,48,61.14
P0001,2026-01-06,44,56.14
P0001,2026-01-07,35,52.14
P0001,2026-01-08,40,50.86
P0001,2026-01-09,57,50.43
P0001,2026-01-10,49,47.29
P0001,2026-01-11,56,47.0
P0001,2026-01-12,36,45.29
P0001,2026-01-13,49,46.0
P0001,2026-01-14,52,48.43
P0001,2026-01-15,44,49.0
P0001,2026-01-16,40,46.57
P0001,2026-01-17,38,45.0
P0001,2026-01-18,66,46.43
P0001,2026-01-19,31,45.71
P0001,2026-01-20,55,46.57
P0001,2026-01-21,50,46.29
P0001,2026-01-22,37,45.29
P0001,2026-01-23,58,47.86
P0001,2026-01-24,46,49.0
P0001,2026-01-25,39,45.14
P0001,2026-01-26,41,46.57
P0001,2026-01-27,48,45.57
P0001,2026-01-28,38,43.86
P0001,2026-01-29,35,43.57
P0001,2026-01-30,68,45.0
P0001,2026-01-31,51,45.71
P0001,2026-02-01,40,45.86
P0001,2026-02-02,39,45.57
P0001,2026-02-03,39,44.29
P0001,2026-02-04,45,45.29
P0001,2026-02-05,38,45.71
P0001,2026-02-06,60,44.57
P0001,2026-02-07,59,45.71
P0001,2026-02-08,68,49.71
P0001,2026-02-09,34,49.0
P0001,2026-02-10,42,49.43
P0001,2026-02-11,45,49.43
P0001,2026-02-12,43,50.14
P0001,2026-02-13,39,47.14
P0001,2026-02-14,45,45.14
P0001,2026-02-15,56,43.43
P0001,2026-02-16,47,45.29
P0001,2026-02-17,32,43.86
P0001,2026-02-18,54,45.14
P0001,2026-02-19,47,45.71
P0001,2026-02-20,50,47.29
P0001,2026-02-21,58,49.14
P0001,2026-02-22,50,48.29
P0001,2026-02-23,34,46.43
P0001,2026-02-24,38,47.29
P0001,2026-02-25,41,45.43
P0001,2026-02-26,36,43.86
P0001,2026-02-27,60,45.29
P0001,2026-02-28,50,44.14
P0001,2026-03-01,44,43.29
P0001,2026-03-02,63,47.43
P0001,2026-03-03,46,48.57
P0001,2026-03-04,56,50.71
P0001,2026-03-05,44,51.86
P0001,2026-03-06,63,52.29
P0001,2026-03-07,63,54.14
P0001,2026-03-08,56,55.86
P0001,2026-03-09,65,56.14
P0001,2026-03-10,47,56.29
P0001,2026-03-11,46,54.86
P0001,2026-03-12,46,55.14
P0001,2026-03-13,54,53.86
P0001,2026-03-14,65,54.14
P0001,2026-03-15,64,55.29
P0001,2026-03-16,50,53.14
P0001,2026-03-17,41,52.29
P0001,2026-03-18,51,53.0
P0001,2026-03-19,49,53.43
P0001,2026-03-20,68,55.43
P0001,2026-03-21,48,53.0
P0001,2026-03-22,67,53.43
P0001,2026-03-23,51,53.57
P0001,2026-03-24,47,54.43
P0001,2026-03-25,57,55.29
P0001,2026-03-26,55,56.14
P0001,2026-03-27,60,55.0
P0001,2026-03-28,59,56.57
P0001,2026-03-29,60,55.57
P0001,2026-03-30,49,55.29
P0001,2026-03-31,52,56.0
P0001,2026-04-01,60,56.43
P0001,2026-04-02,53,56.14
P0001,2026-04-03,68,57.29
P0001,2026-04-04,55,56.71
P0001,2026-04-05,64,57.29
P0001,2026-04-06,56,58.29
P0001,2026-04-07,51,58.14
P0001,2026-04-08,52,57.0
P0001,2026-04-09,51,56.71
P0001,2026-04-10,61,55.71
P0001,2026-04-11,63,56.86
P0001,2026-04-12,69,57.57
P0001,2026-04-13,44,55.86
P0001,2026-04-14,55,56.43
P0001,2026-04-15,58,57.29
P0001,2026-04-16,42,56.0
P0001,2026-04-17,78,58.43
P0001,2026-04-18,58,57.71
P0001,2026-04-19,68,57.57
P0001,2026-04-20,57,59.43
P0001,2026-04-21,62,60.43
P0001,2026-04-22,56,60.14
P0001,2026-04-23,49,61.14
P0001,2026-04-24,59,58.43
P0001,2026-04-25,70,60.14
P0001,2026-04-26,61,59.14
P0001,2026-04-27,48,57.86
P0001,2026-04-28,42,55.0
P0001,2026-04-29,47,53.71
P0001,2026-04-30,46,53.29
P0001,2026-05-01,76,55.71
P0001,2026-05-02,60,54.29
P0001,2026-05-03,56,53.57
P0001,2026-05-04,47,53.43
P0001,2026-05-05,62,56.29
P0001,2026-05-06,58,57.86
P0001,2026-05-07,44,57.57
P0001,2026-05-08,61,55.43
P0001,2026-05-09,58,55.14
P0001,2026-05-10,68,56.86
P0001,2026-05-11,44,56.43
P0001,2026-05-12,43,53.71
P0001,2026-05-13,59,53.86
P0001,2026-05-14,62,56.43
P0001,2026-05-15,72,58.0
P0001,2026-05-16,60,58.29
P0001,2026-05-17,69,58.43
P0001,2026-05-18,55,60.0
P0001,2026-05-19,44,60.14
P0001,2026-05-20,57,59.86
P0001,2026-05-21,57,59.14
P0001,2026-05-22,69,58.71
P0001,2026-05-23,72,60.43
P0001,2026-05-24,64,59.71
P0001,2026-05-25,52,59.29
P0001,2026-05-26,42,59.0
P0001,2026-05-27,50,58.0
P0001,2026-05-28,60,58.43
P0001,2026-05-29,74,59.14
P0001,2026-05-30,54,56.57
P0001,2026-05-31,73,57.86
P0001,2026-06-01,51,57.71
P0001,2026-06-02,39,57.29
P0001,2026-06-03,54,57.86
P0001,2026-06-04,64,58.43
P0001,2026-06-05,53,55.43
P0001,2026-06-06,71,57.86
P0001,2026-06-07,63,56.43
P0001,2026-06-08,41,55.0
P0001,2026-06-09,46,56.0
P0001,2026-06-10,61,57.0
P0001,2026-06-11,55,55.71
P0001,2026-06-12,60,56.71
P0001,2026-06-13,67,56.14
P0001,2026-06-14,44,53.43
P0001,2026-06-15,46,54.14
P0001,2026-06-16,53,55.14
P0001,2026-06-17,49,53.43
P0001,2026-06-18,53,53.14
P0001,2026-06-19,60,53.14
P0001,2026-06-20,66,53.0
P0001,2026-06-21,57,54.86
P0001,2026-06-22,46,54.86
P0001,2026-06-23,53,54.86
P0001,2026-06-24,59,56.29
P0001,2026-06-25,42,54.71
P0001,2026-06-26,73,56.57
P0001,2026-06-27,50,54.29
P0001,2026-06-28,51,53.43
P0001,2026-06-29,55,54.71
P0001,2026-06-30,48,54.0
P0001,2026-07-01,50,52.71
P0001,2026-07-02,42,52.71
P0001,2026-07-03,60,50.86
P0001,2026-07-04,65,53.0
P0001,2026-07-05,65,55.0
P0001,2026-07-06,49,54.14
P0001,2026-07-07,41,53.14
P0001,2026-07-08,62,54.86
P0001,2026-07-09,50,56.0
P0001,2026-07-10,72,57.71
P0001,2026-07-11,66,57.86
P0001,2026-07-12,58,56.86
P0001,2026-07-13,41,55.71
P0001,2026-07-14,72,60.14
P0001,2026-07-15,41,57.14
P0001,2026-07-16,47,56.71
P0001,2026-07-17,48,53.29
P0001,2026-07-18,56,51.86
P0001,2026-07-19,77,54.57
P0001,2026-07-20,55,56.57
P0001,2026-07-21,53,53.86
P0001,2026-07-22,46,54.57
P0001,2026-07-23,55,55.71
P0001,2026-07-24,43,55.0
P0001,2026-07-25,71,57.14
P0002,2025-07-26,71,71.0
P0002,2025-07-27,84,77.5
P0002,2025-07-28,50,68.33
P0002,2025-07-29,61,66.5
P0002,2025-07-30,54,64.0
P0002,2025-07-31,62,63.67
P0002,2025-08-01,75,65.29
P0002,2025-08-02,76,66.0
P0002,2025-08-03,77,65.0
P0002,2025-08-04,68,67.57
P0002,2025-08-05,59,67.29
P0002,2025-08-06,66,69.0
P0002,2025-08-07,59,68.57
P0002,2025-08-08,58,66.14
P0002,2025-08-09,84,67.29
P0002,2025-08-10,78,67.43
P0002,2025-08-11,60,66.29
P0002,2025-08-12,62,66.71
P0002,2025-08-13,65,66.57
P0002,2025-08-14,59,66.57
P0002,2025-08-15,74,68.86
P0002,2025-08-16,84,68.86
P0002,2025-08-17,77,68.71
P0002,2025-08-18,61,68.86
P0002,2025-08-19,50,67.14
P0002,2025-08-20,62,66.71
P0002,2025-08-21,58,66.57
P0002,2025-08-22,71,66.14
P0002,2025-08-23,66,63.57
P0002,2025-08-24,87,65.0
P0002,2025-08-25,62,65.14
P0002,2025-08-26,57,66.14
P0002,2025-08-27,62,66.14
P0002,2025-08-28,73,68.29
P0002,2025-08-29,77,69.14
P0002,2025-08-30,68,69.43
P0002,2025-08-31,69,66.86
P0002,2025-09-01,71,68.14
P0002,2025-09-02,59,68.43
P0002,2025-09-03,61,68.29
P0002,2025-09-04,62,66.71
P0002,2025-09-05,86,68.0
P0002,2025-09-06,71,68.43
P0002,2025-09-07,93,71.86
P0002,2025-09-08,65,71.0
P0002,2025-09-09,62,71.43
P0002,2025-09-10,56,70.71
P0002,2025-09-11,63,70.86
P0002,2025-09-12,75,69.29
P0002,2025-09-13,71,69.29
P0002,2025-09-14,78,67.14
P0002,2025-09-15,68,67.57
P0002,2025-09-16,50,65.86
P0002,2025-09-17,65,67.14
P0002,2025-09-18,68,67.86
P0002,2025-09-19,73,67.57
P0002,2025-09-20,72,67.71
P0002,2025-09-21,86,68.86
P0002,2025-09-22,55,67.0
P0002,2025-09-23,67,69.43
P0002,2025-09-24,70,70.14
P0002,2025-09-25,56,68.43
P0002,2025-09-26,80,69.43
P0002,2025-09-27,68,68.86
P0002,2025-09-28,78,67.71
P0002,2025-09-29,64,69.0
P0002,2025-09-30,54,67.14
P0002,2025-10-01,54,64.86
P0002,2025-10-02,50,64.0
P0002,2025-10-03,74,63.14
P0002,2025-10-04,101,67.86
P0002,2025-10-05,78,67.86
P0002,2025-10-06,59,67.14
P0002,2025-10-07,57,67.57
P0002,2025-10-08,71,70.0
P0002,2025-10-09,62,71.71
P0002,2025-10-10,90,74.0
P0002,2025-10-11,84,71.57
P0002,2025-10-12,69,70.29
P0002,2025-10-13,66,71.29
P0002,2025-10-14,58,71.43
P0002,2025-10-15,73,71.71
P0002,2025-10-16,70,72.86
P0002,2025-10-17,88,72.57
P0002,2025-10-18,80,72.0
P0002,2025-10-19,73,72.57
P0002,2025-10-20,51,70.43
P0002,2025-10-21,51,69.43
P0002,2025-10-22,65,68.29
P0002,2025-10-23,66,67.71
P0002,2025-10-24,58,63.43
P0002,2025-10-25,93,65.29
P0002,2025-10-26,63,63.86
P0002,2025-10-27,51,63.86
P0002,2025-10-28,67,66.14
P0002,2025-10-29,62,65.71
P0002,2025-10-30,55,64.14
P0002,2025-10-31,70,65.86
P0002,2025-11-01,120,69.71
P0002,2025-11-02,120,77.86
P0002,2025-11-03,114,86.86
P0002,2025-11-04,106,92.43
P0002,2025-11-05,88,96.14
P0002,2025-11-06,89,101.0
P0002,2025-11-07,113,107.14
P0002,2025-11-08,104,104.86
P0002,2025-11-09,120,104.86
P0002,2025-11-10,88,101.14
P0002,2025-11-11,79,97.29
P0002,2025-11-12,94,98.14
P0002,2025-11-13,98,99.43
P0002,2025-11-14,127,101.43
P0002,2025-11-15,115,103.0
P0002,2025-11-16,118,102.71
P0002,2025-11-17,85,102.29
P0002,2025-11-18,87,103.43
P0002,2025-11-19,86,102.29
P0002,2025-11-20,80,99.71
P0002,2025-11-21,120,98.71
P0002,2025-11-22,127,100.43
P0002,2025-11-23,105,98.57
P0002,2025-11-24,80,97.86
P0002,2025-11-25,91,98.43
P0002,2025-11-26,88,98.71
P0002,2025-11-27,87,99.71
P0002,2025-11-28,112,98.57
P0002,2025-11-29,103,95.14
P0002,2025-11-30,108,95.57
P0002,2025-12-01,93,97.43
P0002,2025-12-02,88,97.0
P0002,2025-12-03,80,95.86
P0002,2025-12-04,104,98.29
P0002,2025-12-05,84,94.29
P0002,2025-12-06,132,98.43
P0002,2025-12-07,105,98.0
P0002,2025-12-08,90,97.57
P0002,2025-12-09,100,99.29
P0002,2025-12-10,89,100.57
P0002,2025-12-11,87,98.14
P0002,2025-12-12,132,105.0
P0002,2025-12-13,96,99.86
P0002,2025-12-14,92,98.0
P0002,2025-12-15,88,97.71
P0002,2025-12-16,73,93.86
P0002,2025-12-17,85,93.29
P0002,2025-12-18,94,94.29
P0002,2025-12-19,120,92.57
P0002,2025-12-20,111,94.71
P0002,2025-12-21,119,98.57
P0002,2025-12-22,86,98.29
P0002,2025-12-23,78,99.0
P0002,2025-12-24,75,97.57
P0002,2025-12-25,87,96.57
P0002,2025-12-26,139,99.29
P0002,2025-12-27,100,97.71
P0002,2025-12-28,117,97.43
P0002,2025-12-29,74,95.71
P0002,2025-12-30,83,96.43
P0002,2025-12-31,90,98.57
P0002,2026-01-01,53,93.71
P0002,2026-01-02,66,83.29
P0002,2026-01-03,71,79.14
P0002,2026-01-04,60,71.0
P0002,2026-01-05,57,68.57
P0002,2026-01-06,37,62.0
P0002,2026-01-07,60,57.71
P0002,2026-01-08,53,57.71
P0002,2026-01-09,74,58.86
P0002,2026-01-10,61,57.43
P0002,2026-01-11,78,60.0
P0002,2026-01-12,59,60.29
P0002,2026-01-13,50,62.14
P0002,2026-01-14,56,61.57
P0002,2026-01-15,53,61.57
P0002,2026-01-16,56,59.0
P0002,2026-01-17,50,57.43
P0002,2026-01-18,50,53.43
P0002,2026-01-19,41,50.86
P0002,2026-01-20,58,52.0
P0002,2026-01-21,69,53.86
P0002,2026-01-22,49,53.29
P0002,2026-01-23,65,54.57
P0002,2026-01-24,61,56.14
P0002,2026-01-25,65,58.29
P0002,2026-01-26,55,60.29
P0002,2026-01-27,67,61.57
P0002,2026-01-28,46,58.29
P0002,2026-01-29,52,58.71
P0002,2026-01-30,66,58.86
P0002,2026-01-31,69,60.0
P0002,2026-02-01,65,60.0
P0002,2026-02-02,55,60.0
P0002,2026-02-03,53,58.0
P0002,2026-02-04,52,58.86
P0002,2026-02-05,46,58.0
P0002,2026-02-06,54,56.29
P0002,2026-02-07,56,54.43
P0002,2026-02-08,60,53.71
P0002,2026-02-09,51,53.14
P0002,2026-02-10,48,52.43
P0002,2026-02-11,61,53.71
P0002,2026-02-12,58,55.43
P0002,2026-02-13,64,56.86
P0002,2026-02-14,68,58.57
P0002,2026-02-15,62,58.86
P0002,2026-02-16,42,57.57
P0002,2026-02-17,59,59.14
P0002,2026-02-18,62,59.29
P0002,2026-02-19,45,57.43
P0002,2026-02-20,63,57.29
P0002,2026-02-21,59,56.0
P0002,2026-02-22,59,55.57
P0002,2026-02-23,55,57.43
P0002,2026-02-24,51,56.29
P0002,2026-02-25,56,55.43
P0002,2026-02-26,47,55.71
P0002,2026-02-27,56,54.71
P0002,2026-02-28,59,54.71
P0002,2026-03-01,69,56.14
P0002,2026-03-02,60,56.86
P0002,2026-03-03,54,57.29
P0002,2026-03-04,79,60.57
P0002,2026-03-05,62,62.71
P0002,2026-03-06,74,65.29
P0002,2026-03-07,85,69.0
P0002,2026-03-08,88,71.71
P0002,2026-03-09,57,71.29
P0002,2026-03-10,47,70.29
P0002,2026-03-11,68,68.71
P0002,2026-03-12,77,70.86
P0002,2026-03-13,84,72.29
P0002,2026-03-14,85,72.29
P0002,2026-03-15,77,70.71
P0002,2026-03-16,54,70.29
P0002,2026-03-17,68,73.29
P0002,2026-03-18,56,71.57
P0002,2026-03-19,67,70.14
P0002,2026-03-20,86,70.43
P0002,2026-03-21,85,70.43
P0002,2026-03-22,80,70.86
P0002,2026-03-23,54,70.86
P0002,2026-03-24,60,69.71
P0002,2026-03-25,66,71.14
P0002,2026-03-26,59,70.0
P0002,2026-03-27,80,69.14
P0002,2026-03-28,85,69.14
P0002,2026-03-29,65,67.0
P0002,2026-03-30,63,68.29
P0002,2026-03-31,51,67.0
P0002,2026-04-01,57,65.71
P0002,2026-04-02,52,64.71
P0002,2026-04-03,65,62.57
P0002,2026-04-04,69,60.29
P0002,2026-04-05,78,62.14
P0002,2026-04-06,60,61.71
P0002,2026-04-07,64,63.57
P0002,2026-04-08,62,64.29
P0002,2026-04-09,62,65.71
P0002,2026-04-10,73,66.86
P0002,2026-04-11,79,68.29
P0002,2026-04-12,73,67.57
P0002,2026-04-13,60,67.57
P0002,2026-04-14,43,64.57
P0002,2026-04-15,51,63.0
P0002,2026-04-16,50,61.29
P0002,2026-04-17,87,63.29
P0002,2026-04-18,80,63.43
P0002,2026-04-19,88,65.57
P0002,2026-04-20,53,64.57
P0002,2026-04-21,51,65.71
P0002,2026-04-22,53,66.0
P0002,2026-04-23,62,67.71
P0002,2026-04-24,78,66.43
P0002,2026-04-25,79,66.29
P0002,2026-04-26,70,63.71
P0002,2026-04-27,47,62.86
P0002,2026-04-28,67,65.14
P0002,2026-04-29,64,66.71
P0002,2026-04-30,38,63.29
P0002,2026-05-01,61,60.86
P0002,2026-05-02,90,62.43
P0002,2026-05-03,60,61.0
P0002,2026-05-04,72,64.57
P0002,2026-05-05,59,63.43
P0002,2026-05-06,57,62.43
P0002,2026-05-07,57,65.14
P0002,2026-05-08,87,68.86
P0002,2026-05-09,78,67.14
P0002,2026-05-10,87,71.0
P0002,2026-05-11,72,71.0
P0002,2026-05-12,66,72.0
P0002,2026-05-13,51,71.14
P0002,2026-05-14,63,72.0
P0002,2026-05-15,76,70.43
P0002,2026-05-16,80,70.71
P0002,2026-05-17,84,70.29
P0002,2026-05-18,72,70.29
P0002,2026-05-19,64,70.0
P0002,2026-05-20,74,73.29
P0002,2026-05-21,58,72.57
P0002,2026-05-22,82,73.43
P0002,2026-05-23,66,71.43
P0002,2026-05-24,85,71.57
P0002,2026-05-25,61,70.0
P0002,2026-05-26,59,69.29
P0002,2026-05-27,61,67.43
P0002,2026-05-28,53,66.71
P0002,2026-05-29,66,64.43
P0002,2026-05-30,69,64.86
P0002,2026-05-31,75,63.43
P0002,2026-06-01,67,64.29
P0002,2026-06-02,62,64.71
P0002,2026-06-03,56,64.0
P0002,2026-06-04,61,65.14
P0002,2026-06-05,67,65.29
P0002,2026-06-06,73,65.86
P0002,2026-06-07,69,65.0
P0002,2026-06-08,65,64.71
P0002,2026-06-09,54,63.57
P0002,2026-06-10,63,64.57
P0002,2026-06-11,65,65.14
P0002,2026-06-12,81,67.14
P0002,2026-06-13,64,65.86
P0002,2026-06-14,78,67.14
P0002,2026-06-15,62,66.71
P0002,2026-06-16,65,68.29
P0002,2026-06-17,48,66.14
P0002,2026-06-18,50,64.0
P0002,2026-06-19,68,62.14
P0002,2026-06-20,65,62.29
P0002,2026-06-21,72,61.43
P0002,2026-06-22,53,60.14
P0002,2026-06-23,67,60.43
P0002,2026-06-24,53,61.14
P0002,2026-06-25,71,64.14
P0002,2026-06-26,78,65.57
P0002,2026-06-27,64,65.43
P0002,2026-06-28,80,66.57
P0002,2026-06-29,56,67.0
P0002,2026-06-30,72,67.71
P0002,2026-07-01,70,70.14
P0002,2026-07-02,66,69.43
P0002,2026-07-03,74,68.86
P0002,2026-07-04,73,70.14
P0002,2026-07-05,75,69.43
P0002,2026-07-06,54,69.14
P0002,2026-07-07,51,66.14
P0002,2026-07-08,57,64.29
P0002,2026-07-09,63,63.86
P0002,2026-07-10,78,64.43
P0002,2026-07-11,75,64.71
P0002,2026-07-12,64,63.14
P0002,2026-07-13,57,63.57
P0002,2026-07-14,77,67.29
P0002,2026-07-15,68,68.86
P0002,2026-07-16,46,66.43
P0002,2026-07-17,88,67.86
P0002,2026-07-18,61,65.86
P0002,2026-07-19,68,66.43
P0002,2026-07-20,72,68.57
P0002,2026-07-21,68,67.29
P0002,2026-07-22,74,68.14
P0002,2026-07-23,63,70.57
P0002,2026-07-24,89,70.71
P0002,2026-07-25,62,70.86
P0003,2025-07-26,18,18.0
P0003,2025-07-27,25,21.5
P0003,2025-07-28,24,22.33
P0003,2025-07-29,10,19.25
P0003,2025-07-30,19,19.2
P0003,2025-07-31,13,18.17
P0003,2025-08-01,21,18.57
P0003,2025-08-02,21,19.0
P0003,2025-08-03,25,19.0
P0003,2025-08-04,13,17.43
P0003,2025-08-05,19,18.71
P0003,2025-08-06,14,18.0
P0003,2025-08-07,14,18.14
P0003,2025-08-08,15,17.29
P0003,2025-08-09,15,16.43
P0003,2025-08-10,19,15.57
P0003,2025-08-11,11,15.29
P0003,2025-08-12,13,14.43
P0003,2025-08-13,12,14.14
P0003,2025-08-14,17,14.57
P0003,2025-08-15,26,16.14
P0003,2025-08-16,14,16.0
P0003,2025-08-17,24,16.71
P0003,2025-08-18,16,17.43
P0003,2025-08-19,17,18.0
P0003,2025-08-20,12,18.0
P0003,2025-08-21,18,18.14
P0003,2025-08-22,20,17.29
P0003,2025-08-23,20,18.14
P0003,2025-08-24,15,16.86
P0003,2025-08-25,12,16.29
P0003,2025-08-26,13,15.71
P0003,2025-08-27,17,16.43
P0003,2025-08-28,17,16.29
P0003,2025-08-29,25,17.0
P0003,2025-08-30,27,18.0
P0003,2025-08-31,12,17.57
P0003,2025-09-01,22,19.0
P0003,2025-09-02,13,19.0
P0003,2025-09-03,15,18.71
P0003,2025-09-04,12,18.0
P0003,2025-09-05,14,16.43
P0003,2025-09-06,22,15.71
P0003,2025-09-07,19,16.71
P0003,2025-09-08,18,16.14
P0003,2025-09-09,22,17.43
P0003,2025-09-10,24,18.71
P0003,2025-09-11,15,19.14
P0003,2025-09-12,16,19.43
P0003,2025-09-13,24,19.71
P0003,2025-09-14,23,20.29
P0003,2025-09-15,17,20.14
P0003,2025-09-16,20,19.86
P0003,2025-09-17,25,20.0
P0003,2025-09-18,19,20.57
P0003,2025-09-19,20,21.14
P0003,2025-09-20,18,20.29
P0003,2025-09-21,20,19.86
P0003,2025-09-22,15,19.57
P0003,2025-09-23,16,19.0
P0003,2025-09-24,13,17.29
P0003,2025-09-25,19,17.29
P0003,2025-09-26,14,16.43
P0003,2025-09-27,16,16.14
P0003,2025-09-28,23,16.57
P0003,2025-09-29,13,16.29
P0003,2025-09-30,16,16.29
P0003,2025-10-01,12,16.14
P0003,2025-10-02,18,16.0
P0003,2025-10-03,22,17.14
P0003,2025-10-04,10,16.29
P0003,2025-10-05,21,16.0
P0003,2025-10-06,18,16.71
P0003,2025-10-07,25,18.0
P0003,2025-10-08,12,18.0
P0003,2025-10-09,18,18.0
P0003,2025-10-10,12,16.57
P0003,2025-10-11,25,18.71
P0003,2025-10-12,20,18.57
P0003,2025-10-13,21,19.0
P0003,2025-10-14,12,17.14
P0003,2025-10-15,19,18.14
P0003,2025-10-16,20,18.43
P0003,2025-10-17,22,19.86
P0003,2025-10-18,22,19.43
P0003,2025-10-19,26,20.29
P0003,2025-10-20,19,20.0
P0003,2025-10-21,9,19.57
P0003,2025-10-22,15,19.0
P0003,2025-10-23,14,18.14
P0003,2025-10-24,18,17.57
P0003,2025-10-25,27,18.29
P0003,2025-10-26,23,17.86
P0003,2025-10-27,9,16.43
P0003,2025-10-28,22,18.29
P0003,2025-10-29,13,18.0
P0003,2025-10-30,12,17.71
P0003,2025-10-31,19,17.86
P0003,2025-11-01,27,17.86
P0003,2025-11-02,31,19.0
P0003,2025-11-03,33,22.43
P0003,2025-11-04,14,21.29
P0003,2025-11-05,16,21.71
P0003,2025-11-06,19,22.71
P0003,2025-11-07,21,23.0
P0003,2025-11-08,31,23.57
P0003,2025-11-09,18,21.71
P0003,2025-11-10,19,19.71
P0003,2025-11-11,23,21.0
P0003,2025-11-12,20,21.57
P0003,2025-11-13,22,22.0
P0003,2025-11-14,34,23.86
P0003,2025-11-15,24,22.86
P0003,2025-11-16,25,23.86
P0003,2025-11-17,19,23.86
P0003,2025-11-18,13,22.43
P0003,2025-11-19,19,22.29
P0003,2025-11-20,17,21.57
P0003,2025-11-21,21,19.71
P0003,2025-11-22,28,20.29
P0003,2025-11-23,26,20.43
P0003,2025-11-24,25,21.29
P0003,2025-11-25,26,23.14
P0003,2025-11-26,25,24.0
P0003,2025-11-27,20,24.43
P0003,2025-11-28,25,25.0
P0003,2025-11-29,26,24.71
P0003,2025-11-30,24,24.43
P0003,2025-12-01,13,22.71
P0003,2025-12-02,15,21.14
P0003,2025-12-03,23,20.86
P0003,2025-12-04,19,20.71
P0003,2025-12-05,34,22.0
P0003,2025-12-06,29,22.43
P0003,2025-12-07,17,21.43
P0003,2025-12-08,30,23.86
P0003,2025-12-09,22,24.86
P0003,2025-12-10,26,25.29
P0003,2025-12-11,19,25.29
P0003,2025-12-12,25,24.0
P0003,2025-12-13,21,22.86
P0003,2025-12-14,32,25.0
P0003,2025-12-15,21,23.71
P0003,2025-12-16,20,23.43
P0003,2025-12-17,22,22.86
P0003,2025-12-18,23,23.43
P0003,2025-12-19,26,23.57
P0003,2025-12-20,26,24.29
P0003,2025-12-21,20,22.57
P0003,2025-12-22,21,22.57
P0003,2025-12-23,17,22.14
P0003,2025-12-24,21,22.0
P0003,2025-12-25,18,21.29
P0003,2025-12-26,27,21.43
P0003,2025-12-27,17,20.14
P0003,2025-12-28,23,20.57
P0003,2025-12-29,29,21.71
P0003,2025-12-30,14,21.29
P0003,2025-12-31,19,21.0
P0003,2026-01-01,16,20.71
P0003,2026-01-02,15,19.0
P0003,2026-01-03,13,18.43
P0003,2026-01-04,19,17.86
P0003,2026-01-05,15,15.86
P0003,2026-01-06,13,15.71
P0003,2026-01-07,14,15.0
P0003,2026-01-08,11,14.29
P0003,2026-01-09,14,14.14
P0003,2026-01-10,16,14.57
P0003,2026-01-11,14,13.86
P0003,2026-01-12,14,13.71
P0003,2026-01-13,20,14.71
P0003,2026-01-14,17,15.14
P0003,2026-01-15,11,15.14
P0003,2026-01-16,16,15.43
P0003,2026-01-17,17,15.57
P0003,2026-01-18,21,16.57
P0003,2026-01-19,11,16.14
P0003,2026-01-20,11,14.86
P0003,2026-01-21,10,13.86
P0003,2026-01-22,20,15.14
P0003,2026-01-23,20,15.71
P0003,2026-01-24,17,15.71
P0003,2026-01-25,21,15.71
P0003,2026-01-26,8,15.29
P0003,2026-01-27,10,15.14
P0003,2026-01-28,16,16.0
P0003,2026-01-29,12,14.86
P0003,2026-01-30,14,14.0
P0003,2026-01-31,10,13.0
P0003,2026-02-01,9,11.29
P0003,2026-02-02,14,12.14
P0003,2026-02-03,11,12.29
P0003,2026-02-04,14,12.0
P0003,2026-02-05,13,12.14
P0003,2026-02-06,15,12.29
P0003,2026-02-07,28,14.86
P0003,2026-02-08,23,16.86
P0003,2026-02-09,18,17.43
P0003,2026-02-10,11,17.43
P0003,2026-02-11,10,16.86
P0003,2026-02-12,10,16.43
P0003,2026-02-13,17,16.71
P0003,2026-02-14,24,16.14
P0003,2026-02-15,18,15.43
P0003,2026-02-16,7,13.86
P0003,2026-02-17,18,14.86
P0003,2026-02-18,9,14.71
P0003,2026-02-19,18,15.86
P0003,2026-02-20,17,15.86
P0003,2026-02-21,10,13.86
P0003,2026-02-22,23,14.57
P0003,2026-02-23,16,15.86
P0003,2026-02-24,13,15.14
P0003,2026-02-25,7,14.86
P0003,2026-02-26,16,14.57
P0003,2026-02-27,16,14.43
P0003,2026-02-28,19,15.71
P0003,2026-03-01,13,14.29
P0003,2026-03-02,18,14.57
P0003,2026-03-03,18,15.29
P0003,2026-03-04,15,16.43
P0003,2026-03-05,18,16.71
P0003,2026-03-06,19,17.14
P0003,2026-03-07,27,18.29
P0003,2026-03-08,20,19.29
P0003,2026-03-09,25,20.29
P0003,2026-03-10,16,20.0
P0003,2026-03-11,23,21.14
P0003,2026-03-12,12,20.29
P0003,2026-03-13,26,21.29
P0003,2026-03-14,17,19.86
P0003,2026-03-15,25,20.57
P0003,2026-03-16,21,20.0
P0003,2026-03-17,10,19.14
P0003,2026-03-18,16,18.14
P0003,2026-03-19,20,19.29
P0003,2026-03-20,19,18.29
P0003,2026-03-21,26,19.57
P0003,2026-03-22,21,19.0
P0003,2026-03-23,18,18.57
P0003,2026-03-24,13,19.0
P0003,2026-03-25,11,18.29
P0003,2026-03-26,9,16.71
P0003,2026-03-27,18,16.57
P0003,2026-03-28,20,15.71
P0003,2026-03-29,21,15.71
P0003,2026-03-30,18,15.71
P0003,2026-03-31,17,16.29
P0003,2026-04-01,23,18.0
P0003,2026-04-02,18,19.29
P0003,2026-04-03,24,20.14
P0003,2026-04-04,19,20.0
P0003,2026-04-05,13,18.86
P0003,2026-04-06,9,17.57
P0003,2026-04-07,18,17.71
P0003,2026-04-08,26,18.14
P0003,2026-04-09,15,17.71
P0003,2026-04-10,26,18.0
P0003,2026-04-11,17,17.71
P0003,2026-04-12,23,19.14
P0003,2026-04-13,14,19.86
P0003,2026-04-14,11,18.86
P0003,2026-04-15,25,18.71
P0003,2026-04-16,15,18.71
P0003,2026-04-17,23,18.29
P0003,2026-04-18,15,18.0
P0003,2026-04-19,23,18.0
P0003,2026-04-20,22,19.14
P0003,2026-04-21,16,19.86
P0003,2026-04-22,14,18.29
P0003,2026-04-23,16,18.43
P0003,2026-04-24,20,18.0
P0003,2026-04-25,20,18.71
P0003,2026-04-26,17,17.86
P0003,2026-04-27,21,17.71
P0003,2026-04-28,14,17.43
P0003,2026-04-29,13,17.29
P0003,2026-04-30,6,15.86
P0003,2026-05-01,22,16.14
P0003,2026-05-02,16,15.57
P0003,2026-05-03,19,15.86
P0003,2026-05-04,17,15.29
P0003,2026-05-05,19,16.0
P0003,2026-05-06,19,16.86
P0003,2026-05-07,14,18.0
P0003,2026-05-08,16,17.14
P0003,2026-05-09,23,18.14
P0003,2026-05-10,24,18.86
P0003,2026-05-11,15,18.57
P0003,2026-05-12,17,18.29
P0003,2026-05-13,17,18.0
P0003,2026-05-14,23,19.29
P0003,2026-05-15,18,19.57
P0003,2026-05-16,21,19.29
P0003,2026-05-17,22,19.0
P0003,2026-05-18,15,19.0
P0003,2026-05-19,13,18.43
P0003,2026-05-20,15,18.14
P0003,2026-05-21,17,17.29
P0003,2026-05-22,18,17.29
P0003,2026-05-23,18,16.86
P0003,2026-05-24,17,16.14
P0003,2026-05-25,13,15.86
P0003,2026-05-26,23,17.29
P0003,2026-05-27,16,17.43
P0003,2026-05-28,14,17.0
P0003,2026-05-29,20,17.29
P0003,2026-05-30,19,17.43
P0003,2026-05-31,18,17.57
P0003,2026-06-01,16,18.0
P0003,2026-06-02,13,16.57
P0003,2026-06-03,17,16.71
P0003,2026-06-04,14,16.71
P0003,2026-06-05,18,16.43
P0003,2026-06-06,21,16.71
P0003,2026-06-07,27,18.0
P0003,2026-06-08,19,18.43
P0003,2026-06-09,16,18.86
P0003,2026-06-10,20,19.29
P0003,2026-06-11,12,19.0
P0003,2026-06-12,14,18.43
P0003,2026-06-13,29,19.57
P0003,2026-06-14,22,18.86
P0003,2026-06-15,22,19.29
P0003,2026-06-16,17,19.43
P0003,2026-06-17,19,19.29
P0003,2026-06-18,18,20.14
P0003,2026-06-19,16,20.43
P0003,2026-06-20,18,18.86
P0003,2026-06-21,23,19.0
P0003,2026-06-22,18,18.43
P0003,2026-06-23,15,18.14
P0003,2026-06-24,22,18.57
P0003,2026-06-25,13,17.86
P0003,2026-06-26,21,18.57
P0003,2026-06-27,25,19.57
P0003,2026-06-28,26,20.0
P0003,2026-06-29,18,20.0
P0003,2026-06-30,18,20.43
P0003,2026-07-01,18,19.86
P0003,2026-07-02,15,20.14
P0003,2026-07-03,16,19.43
P0003,2026-07-04,26,19.57
P0003,2026-07-05,18,18.43
P0003,2026-07-06,13,17.71
P0003,2026-07-07,20,18.0
P0003,2026-07-08,17,17.86
P0003,2026-07-09,13,17.57
P0003,2026-07-10,16,17.57
P0003,2026-07-11,21,16.86
P0003,2026-07-12,13,16.14
P0003,2026-07-13,18,16.86
P0003,2026-07-14,15,16.14
P0003,2026-07-15,12,15.43
P0003,2026-07-16,13,15.43
P0003,2026-07-17,21,16.14
P0003,2026-07-18,17,15.57
P0003,2026-07-19,14,15.71
P0003,2026-07-20,16,15.43
P0003,2026-07-21,15,15.43
P0003,2026-07-22,15,15.86
P0003,2026-07-23,14,16.0
P0003,2026-07-24,24,16.43
P0003,2026-07-25,18,16.57
P0004,2025-07-26,61,61.0
P0004,2025-07-27,61,61.0
P0004,2025-07-28,61,61.0
P0004,2025-07-29,53,59.0
P0004,2025-07-30,59,59.0
P0004,2025-07-31,50,57.5
P0004,2025-08-01,66,58.71
P0004,2025-08-02,86,62.29
P0004,2025-08-03,58,61.86
P0004,2025-08-04,49,60.14
P0004,2025-08-05,59,61.0
P0004,2025-08-06,49,59.57
P0004,2025-08-07,57,60.57
P0004,2025-08-08,63,60.14
P0004,2025-08-09,59,56.29
P0004,2025-08-10,69,57.86
P0004,2025-08-11,47,57.57
P0004,2025-08-12,62,58.0
P0004,2025-08-13,53,58.57
P0004,2025-08-14,44,56.71
P0004,2025-08-15,67,57.29
P0004,2025-08-16,66,58.29
P0004,2025-08-17,58,56.71
P0004,2025-08-18,56,58.0
P0004,2025-08-19,62,58.0
P0004,2025-08-20,60,59.0
P0004,2025-08-21,45,59.14
P0004,2025-08-22,67,59.14
P0004,2025-08-23,62,58.57
P0004,2025-08-24,52,57.71
P0004,2025-08-25,57,57.86
P0004,2025-08-26,51,56.29
P0004,2025-08-27,44,54.0
P0004,2025-08-28,39,53.14
P0004,2025-08-29,71,53.71
P0004,2025-08-30,67,54.43
P0004,2025-08-31,74,57.57
P0004,2025-09-01,51,56.71
P0004,2025-09-02,50,56.57
P0004,2025-09-03,60,58.86
P0004,2025-09-04,52,60.71
P0004,2025-09-05,58,58.86
P0004,2025-09-06,67,58.86
P0004,2025-09-07,76,59.14
P0004,2025-09-08,47,58.57
P0004,2025-09-09,58,59.71
P0004,2025-09-10,55,59.0
P0004,2025-09-11,58,59.86
P0004,2025-09-12,71,61.71
P0004,2025-09-13,71,62.29
P0004,2025-09-14,63,60.43
P0004,2025-09-15,52,61.14
P0004,2025-09-16,54,60.57
P0004,2025-09-17,46,59.29
P0004,2025-09-18,60,59.57
P0004,2025-09-19,72,59.71
P0004,2025-09-20,64,58.71
P0004,2025-09-21,45,56.14
P0004,2025-09-22,52,56.14
P0004,2025-09-23,61,57.14
P0004,2025-09-24,42,56.57
P0004,2025-09-25,44,54.29
P0004,2025-09-26,52,51.43
P0004,2025-09-27,62,51.14
P0004,2025-09-28,68,54.43
P0004,2025-09-29,59,55.43
P0004,2025-09-30,48,53.57
P0004,2025-10-01,53,55.14
P0004,2025-10-02,46,55.43
P0004,2025-10-03,51,55.29
P0004,2025-10-04,74,57.0
P0004,2025-10-05,76,58.14
P0004,2025-10-06,47,56.43
P0004,2025-10-07,62,58.43
P0004,2025-10-08,58,59.14
P0004,2025-10-09,49,59.57
P0004,2025-10-10,61,61.0
P0004,2025-10-11,73,60.86
P0004,2025-10-12,63,59.0
P0004,2025-10-13,50,59.43
P0004,2025-10-14,46,57.14
P0004,2025-10-15,54,56.57
P0004,2025-10-16,49,56.57
P0004,2025-10-17,65,57.14
P0004,2025-10-18,56,54.71
P0004,2025-10-19,58,54.0
P0004,2025-10-20,55,54.71
P0004,2025-10-21,44,54.43
P0004,2025-10-22,58,55.0
P0004,2025-10-23,56,56.0
P0004,2025-10-24,74,57.29
P0004,2025-10-25,73,59.71
P0004,2025-10-26,56,59.43
P0004,2025-10-27,45,58.0
P0004,2025-10-28,52,59.14
P0004,2025-10-29,44,57.14
P0004,2025-10-30,50,56.29
P0004,2025-10-31,76,56.57
P0004,2025-11-01,109,61.71
P0004,2025-11-02,88,66.29
P0004,2025-11-03,98,73.86
P0004,2025-11-04,72,76.71
P0004,2025-11-05,82,82.14
P0004,2025-11-06,70,85.0
P0004,2025-11-07,93,87.43
P0004,2025-11-08,117,88.57
P0004,2025-11-09,108,91.43
P0004,2025-11-10,63,86.43
P0004,2025-11-11,65,85.43
P0004,2025-11-12,85,85.86
P0004,2025-11-13,69,85.71
P0004,2025-11-14,103,87.14
P0004,2025-11-15,74,81.0
P0004,2025-11-16,79,76.86
P0004,2025-11-17,65,77.14
P0004,2025-11-18,61,76.57
P0004,2025-11-19,77,75.43
P0004,2025-11-20,84,77.57
P0004,2025-11-21,115,79.29
P0004,2025-11-22,105,83.71
P0004,2025-11-23,101,86.86
P0004,2025-11-24,52,85.0
P0004,2025-11-25,66,85.71
P0004,2025-11-26,60,83.29
P0004,2025-11-27,73,81.71
P0004,2025-11-28,86,77.57
P0004,2025-11-29,60,71.14
P0004,2025-11-30,70,66.71
P0004,2025-12-01,57,67.43
P0004,2025-12-02,58,66.29
P0004,2025-12-03,68,67.43
P0004,2025-12-04,81,68.57
P0004,2025-12-05,104,71.14
P0004,2025-12-06,100,76.86
P0004,2025-12-07,72,77.14
P0004,2025-12-08,66,78.43
P0004,2025-12-09,66,79.57
P0004,2025-12-10,87,82.29
P0004,2025-12-11,89,83.43
P0004,2025-12-12,91,81.57
P0004,2025-12-13,76,78.14
P0004,2025-12-14,44,74.14
P0004,2025-12-15,42,70.71
P0004,2025-12-16,88,73.86
P0004,2025-12-17,114,77.71
P0004,2025-12-18,92,78.14
P0004,2025-12-19,111,81.0
P0004,2025-12-20,84,82.14
P0004,2025-12-21,62,84.71
P0004,2025-12-22,59,87.14
P0004,2025-12-23,89,87.29
P0004,2025-12-24,88,83.57
P0004,2025-12-25,87,82.86
P0004,2025-12-26,84,79.0
P0004,2025-12-27,56,75.0
P0004,2025-12-28,51,73.43
P0004,2025-12-29,96,78.71
P0004,2025-12-30,84,78.0
P0004,2025-12-31,67,75.0
P0004,2026-01-01,42,68.57
P0004,2026-01-02,55,64.43
P0004,2026-01-03,56,64.43
P0004,2026-01-04,49,64.14
P0004,2026-01-05,37,55.71
P0004,2026-01-06,40,49.43
P0004,2026-01-07,57,48.0
P0004,2026-01-08,44,48.29
P0004,2026-01-09,59,48.86
P0004,2026-01-10,47,47.57
P0004,2026-01-11,52,48.0
P0004,2026-01-12,60,51.29
P0004,2026-01-13,49,52.57
P0004,2026-01-14,38,49.86
P0004,2026-01-15,55,51.43
P0004,2026-01-16,61,51.71
P0004,2026-01-17,56,53.0
P0004,2026-01-18,42,51.57
P0004,2026-01-19,45,49.43
P0004,2026-01-20,44,48.71
P0004,2026-01-21,42,49.29
P0004,2026-01-22,45,47.86
P0004,2026-01-23,58,47.43
P0004,2026-01-24,61,48.14
P0004,2026-01-25,55,50.0
P0004,2026-01-26,42,49.57
P0004,2026-01-27,43,49.43
P0004,2026-01-28,45,49.86
P0004,2026-01-29,28,47.43
P0004,2026-01-30,57,47.29
P0004,2026-01-31,48,45.43
P0004,2026-02-01,65,46.86
P0004,2026-02-02,55,48.71
P0004,2026-02-03,44,48.86
P0004,2026-02-04,47,49.14
P0004,2026-02-05,40,50.86
P0004,2026-02-06,66,52.14
P0004,2026-02-07,43,51.43
P0004,2026-02-08,63,51.14
P0004,2026-02-09,43,49.43
P0004,2026-02-10,56,51.14
P0004,2026-02-11,39,50.0
P0004,2026-02-12,26,48.0
P0004,2026-02-13,51,45.86
P0004,2026-02-14,46,46.29
P0004,2026-02-15,73,47.71
P0004,2026-02-16,50,48.71
P0004,2026-02-17,43,46.86
P0004,2026-02-18,48,48.14
P0004,2026-02-19,37,49.71
P0004,2026-02-20,55,50.29
P0004,2026-02-21,58,52.0
P0004,2026-02-22,52,49.0
P0004,2026-02-23,54,49.57
P0004,2026-02-24,39,49.0
P0004,2026-02-25,42,48.14
P0004,2026-02-26,43,49.0
P0004,2026-02-27,59,49.57
P0004,2026-02-28,60,49.86
P0004,2026-03-01,70,52.43
P0004,2026-03-02,53,52.29
P0004,2026-03-03,40,52.43
P0004,2026-03-04,56,54.43
P0004,2026-03-05,37,53.57
P0004,2026-03-06,55,53.0
P0004,2026-03-07,61,53.14
P0004,2026-03-08,70,53.14
P0004,2026-03-09,58,53.86
P0004,2026-03-10,49,55.14
P0004,2026-03-11,63,56.14
P0004,2026-03-12,54,58.57
P0004,2026-03-13,60,59.29
P0004,2026-03-14,67,60.14
P0004,2026-03-15,83,62.0
P0004,2026-03-16,59,62.14
P0004,2026-03-17,52,62.57
P0004,2026-03-18,61,62.29
P0004,2026-03-19,60,63.14
P0004,2026-03-20,61,63.29
P0004,2026-03-21,74,64.29
P0004,2026-03-22,65,61.71
P0004,2026-03-23,59,61.71
P0004,2026-03-24,58,62.57
P0004,2026-03-25,45,60.29
P0004,2026-03-26,55,59.57
P0004,2026-03-27,70,60.86
P0004,2026-03-28,60,58.86
P0004,2026-03-29,65,58.86
P0004,2026-03-30,49,57.43
P0004,2026-03-31,55,57.0
P0004,2026-04-01,60,59.14
P0004,2026-04-02,64,60.43
P0004,2026-04-03,72,60.71
P0004,2026-04-04,61,60.86
P0004,2026-04-05,69,61.43
P0004,2026-04-06,54,62.14
P0004,2026-04-07,44,60.57
P0004,2026-04-08,59,60.43
P0004,2026-04-09,56,59.29
P0004,2026-04-10,61,57.71
P0004,2026-04-11,65,58.29
P0004,2026-04-12,71,58.57
P0004,2026-04-13,45,57.29
P0004,2026-04-14,60,59.57
P0004,2026-04-15,64,60.29
P0004,2026-04-16,67,61.86
P0004,2026-04-17,61,61.86
P0004,2026-04-18,70,62.57
P0004,2026-04-19,69,62.29
P0004,2026-04-20,47,62.57
P0004,2026-04-21,63,63.0
P0004,2026-04-22,52,61.29
P0004,2026-04-23,51,59.0
P0004,2026-04-24,58,58.57
P0004,2026-04-25,74,59.14
P0004,2026-04-26,69,59.14
P0004,2026-04-27,59,60.86
P0004,2026-04-28,51,59.14
P0004,2026-04-29,65,61.0
P0004,2026-04-30,60,62.29
P0004,2026-05-01,69,63.86
P0004,2026-05-02,63,62.29
P0004,2026-05-03,68,62.14
P0004,2026-05-04,60,62.29
P0004,2026-05-05,56,63.0
P0004,2026-05-06,52,61.14
P0004,2026-05-07,54,60.29
P0004,2026-05-08,61,59.14
P0004,2026-05-09,61,58.86
P0004,2026-05-10,61,57.86
P0004,2026-05-11,49,56.29
P0004,2026-05-12,48,55.14
P0004,2026-05-13,51,55.0
P0004,2026-05-14,44,53.57
P0004,2026-05-15,52,52.29
P0004,2026-05-16,67,53.14
P0004,2026-05-17,74,55.0
P0004,2026-05-18,59,56.43
P0004,2026-05-19,49,56.57
P0004,2026-05-20,62,58.14
P0004,2026-05-21,67,61.43
P0004,2026-05-22,79,65.29
P0004,2026-05-23,79,67.0
P0004,2026-05-24,72,66.71
P0004,2026-05-25,57,66.43
P0004,2026-05-26,46,66.0
P0004,2026-05-27,51,64.43
P0004,2026-05-28,47,61.57
P0004,2026-05-29,68,60.0
P0004,2026-05-30,63,57.71
P0004,2026-05-31,73,57.86
P0004,2026-06-01,55,57.57
P0004,2026-06-02,52,58.43
P0004,2026-06-03,45,57.57
P0004,2026-06-04,44,57.14
P0004,2026-06-05,78,58.57
P0004,2026-06-06,61,58.29
P0004,2026-06-07,76,58.71
P0004,2026-06-08,47,57.57
P0004,2026-06-09,47,56.86
P0004,2026-06-10,34,55.29
P0004,2026-06-11,55,56.86
P0004,2026-06-12,65,55.0
P0004,2026-06-13,67,55.86
P0004,2026-06-14,66,54.43
P0004,2026-06-15,54,55.43
P0004,2026-06-16,48,55.57
P0004,2026-06-17,44,57.0
P0004,2026-06-18,55,57.0
P0004,2026-06-19,70,57.71
P0004,2026-06-20,58,56.43
P0004,2026-06-21,51,54.29
P0004,2026-06-22,46,53.14
P0004,2026-06-23,60,54.86
P0004,2026-06-24,60,57.14
P0004,2026-06-25,54,57.0
P0004,2026-06-26,74,57.57
P0004,2026-06-27,80,60.71
P0004,2026-06-28,60,62.0
P0004,2026-06-29,54,63.14
P0004,2026-06-30,59,63.0
P0004,2026-07-01,52,61.86
P0004,2026-07-02,56,62.14
P0004,2026-07-03,75,62.29
P0004,2026-07-04,58,59.14
P0004,2026-07-05,55,58.43
P0004,2026-07-06,48,57.57
P0004,2026-07-07,57,57.29
P0004,2026-07-08,52,57.29
P0004,2026-07-09,42,55.29
P0004,2026-07-10,64,53.71
P0004,2026-07-11,58,53.71
P0004,2026-07-12,77,56.86
P0004,2026-07-13,43,56.14
P0004,2026-07-14,60,56.57
P0004,2026-07-15,61,57.86
P0004,2026-07-16,51,59.14
P0004,2026-07-17,49,57.0
P0004,2026-07-18,56,56.71
P0004,2026-07-19,64,54.86
P0004,2026-07-20,60,57.29
P0004,2026-07-21,52,56.14
P0004,2026-07-22,46,54.0
P0004,2026-07-23,63,55.71
P0004,2026-07-24,71,58.86
P0004,2026-07-25,66,60.29
P0005,2025-07-26,23,23.0
P0005,2025-07-27,24,23.5
P0005,2025-07-28,6,17.67
P0005,2025-07-29,18,17.75
P0005,2025-07-30,18,17.8
P0005,2025-07-31,19,18.0
P0005,2025-08-01,12,17.14
P0005,2025-08-02,28,17.86
P0005,2025-08-03,17,16.86
P0005,2025-08-04,20,18.86
P0005,2025-08-05,15,18.43
P0005,2025-08-06,8,17.0
P0005,2025-08-07,11,15.86
P0005,2025-08-08,17,16.57
P0005,2025-08-09,23,15.86
P0005,2025-08-10,18,16.0
P0005,2025-08-11,13,15.0
P0005,2025-08-12,9,14.14
P0005,2025-08-13,13,14.86
P0005,2025-08-14,11,14.86
P0005,2025-08-15,19,15.14
P0005,2025-08-16,16,14.14
P0005,2025-08-17,24,15.0
P0005,2025-08-18,18,15.71
P0005,2025-08-19,10,15.86
P0005,2025-08-20,17,16.43
P0005,2025-08-21,16,17.14
P0005,2025-08-22,21,17.43
P0005,2025-08-23,18,17.71
P0005,2025-08-24,17,16.71
P0005,2025-08-25,11,15.71
P0005,2025-08-26,11,15.86
P0005,2025-08-27,17,15.86
P0005,2025-08-28,27,17.43
P0005,2025-08-29,18,17.0
P0005,2025-08-30,17,16.86
P0005,2025-08-31,11,16.0
P0005,2025-09-01,14,16.43
P0005,2025-09-02,11,16.43
P0005,2025-09-03,18,16.57
P0005,2025-09-04,17,15.14
P0005,2025-09-05,19,15.29
P0005,2025-09-06,18,15.43
P0005,2025-09-07,15,16.0
P0005,2025-09-08,16,16.29
P0005,2025-09-09,19,17.43
P0005,2025-09-10,16,17.14
P0005,2025-09-11,14,16.71
P0005,2025-09-12,19,16.71
P0005,2025-09-13,17,16.57
P0005,2025-09-14,13,16.29
P0005,2025-09-15,12,15.71
P0005,2025-09-16,18,15.57
P0005,2025-09-17,14,15.29
P0005,2025-09-18,11,14.86
P0005,2025-09-19,17,14.57
P0005,2025-09-20,15,14.29
P0005,2025-09-21,23,15.71
P0005,2025-09-22,19,16.71
P0005,2025-09-23,22,17.29
P0005,2025-09-24,14,17.29
P0005,2025-09-25,13,17.57
P0005,2025-09-26,20,18.0
P0005,2025-09-27,19,18.57
P0005,2025-09-28,28,19.29
P0005,2025-09-29,17,19.0
P0005,2025-09-30,10,17.29
P0005,2025-10-01,12,17.0
P0005,2025-10-02,12,16.86
P0005,2025-10-03,21,17.0
P0005,2025-10-04,21,17.29
P0005,2025-10-05,15,15.43
P0005,2025-10-06,12,14.71
P0005,2025-10-07,8,14.43
P0005,2025-10-08,14,14.71
P0005,2025-10-09,12,14.71
P0005,2025-10-10,16,14.0
P0005,2025-10-11,15,13.14
P0005,2025-10-12,21,14.0
P0005,2025-10-13,12,14.0
P0005,2025-10-14,16,15.14
P0005,2025-10-15,11,14.71
P0005,2025-10-16,9,14.29
P0005,2025-10-17,15,14.14
P0005,2025-10-18,26,15.71
P0005,2025-10-19,18,15.29
P0005,2025-10-20,21,16.57
P0005,2025-10-21,23,17.57
P0005,2025-10-22,8,17.14
P0005,2025-10-23,18,18.43
P0005,2025-10-24,14,18.29
P0005,2025-10-25,20,17.43
P0005,2025-10-26,19,17.57
P0005,2025-10-27,16,16.86
P0005,2025-10-28,5,14.29
P0005,2025-10-29,10,14.57
P0005,2025-10-30,15,14.14
P0005,2025-10-31,15,14.29
P0005,2025-11-01,26,15.14
P0005,2025-11-02,27,16.29
P0005,2025-11-03,29,18.14
P0005,2025-11-04,24,20.86
P0005,2025-11-05,28,23.43
P0005,2025-11-06,21,24.29
P0005,2025-11-07,25,25.71
P0005,2025-11-08,30,26.29
P0005,2025-11-09,30,26.71
P0005,2025-11-10,26,26.29
P0005,2025-11-11,19,25.57
P0005,2025-11-12,20,24.43
P0005,2025-11-13,29,25.57
P0005,2025-11-14,32,26.57
P0005,2025-11-15,36,27.43
P0005,2025-11-16,23,26.43
P0005,2025-11-17,21,25.71
P0005,2025-11-18,35,28.0
P0005,2025-11-19,14,27.14
P0005,2025-11-20,24,26.43
P0005,2025-11-21,27,25.71
P0005,2025-11-22,34,25.43
P0005,2025-11-23,33,26.86
P0005,2025-11-24,18,26.43
P0005,2025-11-25,28,25.43
P0005,2025-11-26,23,26.71
P0005,2025-11-27,27,27.14
P0005,2025-11-28,26,27.0
P0005,2025-11-29,25,25.71
P0005,2025-11-30,20,23.86
P0005,2025-12-01,28,25.29
P0005,2025-12-02,24,24.71
P0005,2025-12-03,18,24.0
P0005,2025-12-04,24,23.57
P0005,2025-12-05,23,23.14
P0005,2025-12-06,22,22.71
P0005,2025-12-07,35,24.86
P0005,2025-12-08,28,24.86
P0005,2025-12-09,24,24.86
P0005,2025-12-10,23,25.57
P0005,2025-12-11,25,25.71
P0005,2025-12-12,22,25.57
P0005,2025-12-13,22,25.57
P0005,2025-12-14,24,24.0
P0005,2025-12-15,18,22.57
P0005,2025-12-16,20,22.0
P0005,2025-12-17,14,20.71
P0005,2025-12-18,16,19.43
P0005,2025-12-19,29,20.43
P0005,2025-12-20,26,21.0
P0005,2025-12-21,24,21.0
P0005,2025-12-22,23,21.71
P0005,2025-12-23,18,21.43
P0005,2025-12-24,23,22.71
P0005,2025-12-25,21,23.43
P0005,2025-12-26,30,23.57
P0005,2025-12-27,30,24.14
P0005,2025-12-28,31,25.14
P0005,2025-12-29,14,23.86
P0005,2025-12-30,23,24.57
P0005,2025-12-31,24,24.71
P0005,2026-01-01,13,23.57
P0005,2026-01-02,16,21.57
P0005,2026-01-03,18,19.86
P0005,2026-01-04,21,18.43
P0005,2026-01-05,11,18.0
P0005,2026-01-06,19,17.43
P0005,2026-01-07,13,15.86
P0005,2026-01-08,8,15.14
P0005,2026-01-09,18,15.43
P0005,2026-01-10,15,15.0
P0005,2026-01-11,21,15.0
P0005,2026-01-12,7,14.43
P0005,2026-01-13,17,14.14
P0005,2026-01-14,9,13.57
P0005,2026-01-15,12,14.14
P0005,2026-01-16,22,14.71
P0005,2026-01-17,12,14.29
P0005,2026-01-18,17,13.71
P0005,2026-01-19,14,14.71
P0005,2026-01-20,15,14.43
P0005,2026-01-21,15,15.29
P0005,2026-01-22,7,14.57
P0005,2026-01-23,13,13.29
P0005,2026-01-24,22,14.71
P0005,2026-01-25,12,14.0
P0005,2026-01-26,9,13.29
P0005,2026-01-27,11,12.71
P0005,2026-01-28,18,13.14
P0005,2026-01-29,8,13.29
P0005,2026-01-30,13,13.29
P0005,2026-01-31,19,12.86
P0005,2026-02-01,24,14.57
P0005,2026-02-02,13,15.14
P0005,2026-02-03,13,15.43
P0005,2026-02-04,10,14.29
P0005,2026-02-05,12,14.86
P0005,2026-02-06,18,15.57
P0005,2026-02-07,13,14.71
P0005,2026-02-08,17,13.71
P0005,2026-02-09,13,13.71
P0005,2026-02-10,7,12.86
P0005,2026-02-11,10,12.86
P0005,2026-02-12,10,12.57
P0005,2026-02-13,13,11.86
P0005,2026-02-14,11,11.57
P0005,2026-02-15,13,11.0
P0005,2026-02-16,12,10.86
P0005,2026-02-17,9,11.14
P0005,2026-02-18,14,11.71
P0005,2026-02-19,16,12.57
P0005,2026-02-20,17,13.14
P0005,2026-02-21,15,13.71
P0005,2026-02-22,14,13.86
P0005,2026-02-23,17,14.57
P0005,2026-02-24,15,15.43
P0005,2026-02-25,11,15.0
P0005,2026-02-26,14,14.71
P0005,2026-02-27,14,14.29
P0005,2026-02-28,9,13.43
P0005,2026-03-01,16,13.71
P0005,2026-03-02,13,13.14
P0005,2026-03-03,15,13.14
P0005,2026-03-04,20,14.43
P0005,2026-03-05,6,13.29
P0005,2026-03-06,11,12.86
P0005,2026-03-07,18,14.14
P0005,2026-03-08,19,14.57
P0005,2026-03-09,17,15.14
P0005,2026-03-10,17,15.43
P0005,2026-03-11,19,15.29
P0005,2026-03-12,13,16.29
P0005,2026-03-13,13,16.57
P0005,2026-03-14,20,16.86
P0005,2026-03-15,17,16.57
P0005,2026-03-16,10,15.57
P0005,2026-03-17,16,15.43
P0005,2026-03-18,11,14.29
P0005,2026-03-19,17,14.86
P0005,2026-03-20,25,16.57
P0005,2026-03-21,8,14.86
P0005,2026-03-22,15,14.57
P0005,2026-03-23,17,15.57
P0005,2026-03-24,23,16.57
P0005,2026-03-25,18,17.57
P0005,2026-03-26,9,16.43
P0005,2026-03-27,15,15.0
P0005,2026-03-28,21,16.86
P0005,2026-03-29,13,16.57
P0005,2026-03-30,13,16.0
P0005,2026-03-31,9,14.0
P0005,2026-04-01,9,12.71
P0005,2026-04-02,24,14.86
P0005,2026-04-03,11,14.29
P0005,2026-04-04,14,13.29
P0005,2026-04-05,13,13.29
P0005,2026-04-06,16,13.71
P0005,2026-04-07,16,14.71
P0005,2026-04-08,16,15.71
P0005,2026-04-09,8,13.43
P0005,2026-04-10,18,14.43
P0005,2026-04-11,18,15.0
P0005,2026-04-12,15,15.29
P0005,2026-04-13,11,14.57
P0005,2026-04-14,11,13.86
P0005,2026-04-15,14,13.57
P0005,2026-04-16,14,14.43
P0005,2026-04-17,17,14.29
P0005,2026-04-18,19,14.43
P0005,2026-04-19,14,14.29
P0005,2026-04-20,16,15.0
P0005,2026-04-21,11,15.0
P0005,2026-04-22,14,15.0
P0005,2026-04-23,17,15.43
P0005,2026-04-24,21,16.0
P0005,2026-04-25,19,16.0
P0005,2026-04-26,24,17.43
P0005,2026-04-27,18,17.71
P0005,2026-04-28,10,17.57
P0005,2026-04-29,13,17.43
P0005,2026-04-30,17,17.43
P0005,2026-05-01,20,17.29
P0005,2026-05-02,21,17.57
P0005,2026-05-03,20,17.0
P0005,2026-05-04,10,15.86
P0005,2026-05-05,10,15.86
P0005,2026-05-06,14,16.0
P0005,2026-05-07,10,15.0
P0005,2026-05-08,28,16.14
P0005,2026-05-09,16,15.43
P0005,2026-05-10,10,14.0
P0005,2026-05-11,20,15.43
P0005,2026-05-12,9,15.29
P0005,2026-05-13,18,15.86
P0005,2026-05-14,14,16.43
P0005,2026-05-15,13,14.29
P0005,2026-05-16,20,14.86
P0005,2026-05-17,20,16.29
P0005,2026-05-18,19,16.14
P0005,2026-05-19,8,16.0
P0005,2026-05-20,23,16.71
P0005,2026-05-21,19,17.43
P0005,2026-05-22,20,18.43
P0005,2026-05-23,13,17.43
P0005,2026-05-24,12,16.29
P0005,2026-05-25,16,15.86
P0005,2026-05-26,18,17.29
P0005,2026-05-27,16,16.29
P0005,2026-05-28,13,15.43
P0005,2026-05-29,22,15.71
P0005,2026-05-30,13,15.71
P0005,2026-05-31,19,16.71
P0005,2026-06-01,13,16.29
P0005,2026-06-02,17,16.14
P0005,2026-06-03,16,16.14
P0005,2026-06-04,14,16.29
P0005,2026-06-05,18,15.71
P0005,2026-06-06,23,17.14
P0005,2026-06-07,11,16.0
P0005,2026-06-08,11,15.71
P0005,2026-06-09,13,15.14
P0005,2026-06-10,16,15.14
P0005,2026-06-11,12,14.86
P0005,2026-06-12,15,14.43
P0005,2026-06-13,21,14.14
P0005,2026-06-14,20,15.43
P0005,2026-06-15,11,15.43
P0005,2026-06-16,13,15.43
P0005,2026-06-17,18,15.71
P0005,2026-06-18,13,15.86
P0005,2026-06-19,21,16.71
P0005,2026-06-20,18,16.29
P0005,2026-06-21,17,15.86
P0005,2026-06-22,10,15.71
P0005,2026-06-23,14,15.86
P0005,2026-06-24,11,14.86
P0005,2026-06-25,15,15.14
P0005,2026-06-26,17,14.57
P0005,2026-06-27,15,14.14
P0005,2026-06-28,18,14.29
P0005,2026-06-29,11,14.43
P0005,2026-06-30,24,15.86
P0005,2026-07-01,12,16.0
P0005,2026-07-02,13,15.71
P0005,2026-07-03,22,16.43
P0005,2026-07-04,17,16.71
P0005,2026-07-05,23,17.43
P0005,2026-07-06,13,17.71
P0005,2026-07-07,13,16.14
P0005,2026-07-08,12,16.14
P0005,2026-07-09,17,16.71
P0005,2026-07-10,20,16.43
P0005,2026-07-11,26,17.71
P0005,2026-07-12,22,17.57
P0005,2026-07-13,13,17.57
P0005,2026-07-14,15,17.86
P0005,2026-07-15,10,17.57
P0005,2026-07-16,17,17.57
P0005,2026-07-17,20,17.57
P0005,2026-07-18,17,16.29
P0005,2026-07-19,15,15.29
P0005,2026-07-20,17,15.86
P0005,2026-07-21,12,15.43
P0005,2026-07-22,18,16.57
P0005,2026-07-23,12,15.86
P0005,2026-07-24,13,14.86
P0005,2026-07-25,19,15.14
P0006,2025-07-26,62,62.0
P0006,2025-07-27,63,62.5
P0006,2025-07-28,47,57.33
P0006,2025-07-29,47,54.75
P0006,2025-07-30,46,53.0
P0006,2025-07-31,37,50.33
P0006,2025-08-01,56,51.14
P0006,2025-08-02,56,50.29
P0006,2025-08-03,67,50.86
P0006,2025-08-04,51,51.43
P0006,2025-08-05,50,51.86
P0006,2025-08-06,42,51.29
P0006,2025-08-07,57,54.14
P0006,2025-08-08,65,55.43
P0006,2025-08-09,48,54.29
P0006,2025-08-10,62,53.57
P0006,2025-08-11,39,51.86
P0006,2025-08-12,46,51.29
P0006,2025-08-13,47,52.0
P0006,2025-08-14,50,51.0
P0006,2025-08-15,56,49.71
P0006,2025-08-16,62,51.71
P0006,2025-08-17,66,52.29
P0006,2025-08-18,63,55.71
P0006,2025-08-19,53,56.71
P0006,2025-08-20,48,56.86
P0006,2025-08-21,60,58.29
P0006,2025-08-22,60,58.86
P0006,2025-08-23,56,58.0
P0006,2025-08-24,74,59.14
P0006,2025-08-25,41,56.0
P0006,2025-08-26,47,55.14
P0006,2025-08-27,62,57.14
P0006,2025-08-28,53,56.14
P0006,2025-08-29,57,55.71
P0006,2025-08-30,50,54.86
P0006,2025-08-31,62,53.14
P0006,2025-09-01,46,53.86
P0006,2025-09-02,55,55.0
P0006,2025-09-03,49,53.14
P0006,2025-09-04,46,52.14
P0006,2025-09-05,59,52.43
P0006,2025-09-06,48,52.14
P0006,2025-09-07,63,52.29
P0006,2025-09-08,48,52.57
P0006,2025-09-09,65,54.0
P0006,2025-09-10,51,54.29
P0006,2025-09-11,35,52.71
P0006,2025-09-12,56,52.29
P0006,2025-09-13,67,55.0
P0006,2025-09-14,66,55.43
P0006,2025-09-15,58,56.86
P0006,2025-09-16,45,54.0
P0006,2025-09-17,35,51.71
P0006,2025-09-18,40,52.43
P0006,2025-09-19,68,54.14
P0006,2025-09-20,67,54.14
P0006,2025-09-21,56,52.71
P0006,2025-09-22,40,50.14
P0006,2025-09-23,44,50.0
P0006,2025-09-24,39,50.57
P0006,2025-09-25,52,52.29
P0006,2025-09-26,69,52.43
P0006,2025-09-27,55,50.71
P0006,2025-09-28,62,51.57
P0006,2025-09-29,48,52.71
P0006,2025-09-30,44,52.71
P0006,2025-10-01,37,52.43
P0006,2025-10-02,36,50.14
P0006,2025-10-03,63,49.29
P0006,2025-10-04,67,51.0
P0006,2025-10-05,64,51.29
P0006,2025-10-06,47,51.14
P0006,2025-10-07,61,53.57
P0006,2025-10-08,41,54.14
P0006,2025-10-09,65,58.29
P0006,2025-10-10,50,56.43
P0006,2025-10-11,54,54.57
P0006,2025-10-12,71,55.57
P0006,2025-10-13,62,57.71
P0006,2025-10-14,59,57.43
P0006,2025-10-15,43,57.71
P0006,2025-10-16,53,56.0
P0006,2025-10-17,65,58.14
P0006,2025-10-18,66,59.86
P0006,2025-10-19,65,59.0
P0006,2025-10-20,49,57.14
P0006,2025-10-21,51,56.0
P0006,2025-10-22,45,56.29
P0006,2025-10-23,51,56.0
P0006,2025-10-24,47,53.43
P0006,2025-10-25,42,50.0
P0006,2025-10-26,51,48.0
P0006,2025-10-27,50,48.14
P0006,2025-10-28,48,47.71
P0006,2025-10-29,51,48.57
P0006,2025-10-30,56,49.29
P0006,2025-10-31,56,50.57
P0006,2025-11-01,86,56.86
P0006,2025-11-02,95,63.14
P0006,2025-11-03,78,67.14
P0006,2025-11-04,85,72.43
P0006,2025-11-05,85,77.29
P0006,2025-11-06,64,78.43
P0006,2025-11-07,104,85.29
P0006,2025-11-08,59,81.43
P0006,2025-11-09,56,75.86
P0006,2025-11-10,56,72.71
P0006,2025-11-11,54,68.29
P0006,2025-11-12,70,66.14
P0006,2025-11-13,59,65.43
P0006,2025-11-14,96,64.29
P0006,2025-11-15,72,66.14
P0006,2025-11-16,53,65.71
P0006,2025-11-17,62,66.57
P0006,2025-11-18,39,64.43
P0006,2025-11-19,67,64.0
P0006,2025-11-20,69,65.43
P0006,2025-11-21,82,63.43
P0006,2025-11-22,75,63.86
P0006,2025-11-23,83,68.14
P0006,2025-11-24,43,65.43
P0006,2025-11-25,60,68.43
P0006,2025-11-26,62,67.71
P0006,2025-11-27,62,66.71
P0006,2025-11-28,73,65.43
P0006,2025-11-29,79,66.0
P0006,2025-11-30,52,61.57
P0006,2025-12-01,33,60.14
P0006,2025-12-02,39,57.14
P0006,2025-12-03,65,57.57
P0006,2025-12-04,66,58.14
P0006,2025-12-05,98,61.71
P0006,2025-12-06,73,60.86
P0006,2025-12-07,85,65.57
P0006,2025-12-08,46,67.43
P0006,2025-12-09,50,69.0
P0006,2025-12-10,45,66.14
P0006,2025-12-11,54,64.43
P0006,2025-12-12,96,64.14
P0006,2025-12-13,87,66.14
P0006,2025-12-14,78,65.14
P0006,2025-12-15,48,65.43
P0006,2025-12-16,41,64.14
P0006,2025-12-17,43,63.86
P0006,2025-12-18,67,65.71
P0006,2025-12-19,104,66.86
P0006,2025-12-20,76,65.29
P0006,2025-12-21,63,63.14
P0006,2025-12-22,44,62.57
P0006,2025-12-23,46,63.29
P0006,2025-12-24,73,67.57
P0006,2025-12-25,52,65.43
P0006,2025-12-26,93,63.86
P0006,2025-12-27,78,64.14
P0006,2025-12-28,76,66.0
P0006,2025-12-29,81,71.29
P0006,2025-12-30,48,71.57
P0006,2025-12-31,59,69.57
P0006,2026-01-01,30,66.43
P0006,2026-01-02,44,59.43
P0006,2026-01-03,61,57.0
P0006,2026-01-04,55,54.0
P0006,2026-01-05,34,47.29
P0006,2026-01-06,43,46.57
P0006,2026-01-07,38,43.57
P0006,2026-01-08,39,44.86
P0006,2026-01-09,58,46.86
P0006,2026-01-10,55,46.0
P0006,2026-01-11,45,44.57
P0006,2026-01-12,46,46.29
P0006,2026-01-13,42,46.14
P0006,2026-01-14,47,47.43
P0006,2026-01-15,37,47.14
P0006,2026-01-16,51,46.14
P0006,2026-01-17,52,45.71
P0006,2026-01-18,55,47.14
P0006,2026-01-19,47,47.29
P0006,2026-01-20,29,45.43
P0006,2026-01-21,47,45.43
P0006,2026-01-22,43,46.29
P0006,2026-01-23,58,47.29
P0006,2026-01-24,47,46.57
P0006,2026-01-25,40,44.43
P0006,2026-01-26,33,42.43
P0006,2026-01-27,46,44.86
P0006,2026-01-28,39,43.71
P0006,2026-01-29,38,43.0
P0006,2026-01-30,61,43.43
P0006,2026-01-31,67,46.29
P0006,2026-02-01,42,46.57
P0006,2026-02-02,43,48.0
P0006,2026-02-03,49,48.43
P0006,2026-02-04,40,48.57
P0006,2026-02-05,46,49.71
P0006,2026-02-06,53,48.57
P0006,2026-02-07,55,46.86
P0006,2026-02-08,56,48.86
P0006,2026-02-09,46,49.29
P0006,2026-02-10,31,46.71
P0006,2026-02-11,34,45.86
P0006,2026-02-12,44,45.57
P0006,2026-02-13,58,46.29
P0006,2026-02-14,45,44.86
P0006,2026-02-15,53,44.43
P0006,2026-02-16,33,42.57
P0006,2026-02-17,40,43.86
P0006,2026-02-18,34,43.86
P0006,2026-02-19,39,43.14
P0006,2026-02-20,50,42.0
P0006,2026-02-21,58,43.86
P0006,2026-02-22,44,42.57
P0006,2026-02-23,49,44.86
P0006,2026-02-24,44,45.43
P0006,2026-02-25,35,45.57
P0006,2026-02-26,38,45.43
P0006,2026-02-27,41,44.14
P0006,2026-02-28,56,43.86
P0006,2026-03-01,58,45.86
P0006,2026-03-02,49,45.86
P0006,2026-03-03,46,46.14
P0006,2026-03-04,55,49.0
P0006,2026-03-05,46,50.14
P0006,2026-03-06,67,53.86
P0006,2026-03-07,60,54.43
P0006,2026-03-08,55,54.0
P0006,2026-03-09,40,52.71
P0006,2026-03-10,47,52.86
P0006,2026-03-11,42,51.0
P0006,2026-03-12,55,52.29
P0006,2026-03-13,78,53.86
P0006,2026-03-14,77,56.29
P0006,2026-03-15,56,56.43
P0006,2026-03-16,48,57.57
P0006,2026-03-17,48,57.71
P0006,2026-03-18,45,58.14
P0006,2026-03-19,49,57.29
P0006,2026-03-20,66,55.57
P0006,2026-03-21,52,52.0
P0006,2026-03-22,41,49.86
P0006,2026-03-23,50,50.14
P0006,2026-03-24,49,50.29
P0006,2026-03-25,46,50.43
P0006,2026-03-26,53,51.0
P0006,2026-03-27,67,51.14
P0006,2026-03-28,58,52.0
P0006,2026-03-29,48,53.0
P0006,2026-03-30,47,52.57
P0006,2026-03-31,46,52.14
P0006,2026-04-01,48,52.43
P0006,2026-04-02,54,52.57
P0006,2026-04-03,60,51.57
P0006,2026-04-04,54,51.0
P0006,2026-04-05,67,53.71
P0006,2026-04-06,53,54.57
P0006,2026-04-07,41,53.86
P0006,2026-04-08,45,53.43
P0006,2026-04-09,43,51.86
P0006,2026-04-10,53,50.86
P0006,2026-04-11,55,51.0
P0006,2026-04-12,61,50.14
P0006,2026-04-13,36,47.71
P0006,2026-04-14,46,48.43
P0006,2026-04-15,43,48.14
P0006,2026-04-16,58,50.29
P0006,2026-04-17,61,51.43
P0006,2026-04-18,72,53.86
P0006,2026-04-19,69,55.0
P0006,2026-04-20,39,55.43
P0006,2026-04-21,48,55.71
P0006,2026-04-22,46,56.14
P0006,2026-04-23,45,54.29
P0006,2026-04-24,56,53.57
P0006,2026-04-25,73,53.71
P0006,2026-04-26,69,53.71
P0006,2026-04-27,41,54.0
P0006,2026-04-28,47,53.86
P0006,2026-04-29,71,57.43
P0006,2026-04-30,47,57.71
P0006,2026-05-01,59,58.14
P0006,2026-05-02,55,55.57
P0006,2026-05-03,73,56.14
P0006,2026-05-04,43,56.43
P0006,2026-05-05,45,56.14
P0006,2026-05-06,44,52.29
P0006,2026-05-07,42,51.57
P0006,2026-05-08,70,53.14
P0006,2026-05-09,73,55.71
P0006,2026-05-10,52,52.71
P0006,2026-05-11,44,52.86
P0006,2026-05-12,37,51.71
P0006,2026-05-13,47,52.14
P0006,2026-05-14,44,52.43
P0006,2026-05-15,56,50.43
P0006,2026-05-16,56,48.0
P0006,2026-05-17,61,49.29
P0006,2026-05-18,68,52.71
P0006,2026-05-19,60,56.0
P0006,2026-05-20,54,57.0
P0006,2026-05-21,48,57.57
P0006,2026-05-22,62,58.43
P0006,2026-05-23,67,60.0
P0006,2026-05-24,52,58.71
P0006,2026-05-25,41,54.86
P0006,2026-05-26,38,51.71
P0006,2026-05-27,38,49.43
P0006,2026-05-28,51,49.86
P0006,2026-05-29,47,47.71
P0006,2026-05-30,65,47.43
P0006,2026-05-31,49,47.0
P0006,2026-06-01,48,48.0
P0006,2026-06-02,47,49.29
P0006,2026-06-03,53,51.43
P0006,2026-06-04,46,50.71
P0006,2026-06-05,72,54.29
P0006,2026-06-06,57,53.14
P0006,2026-06-07,61,54.86
P0006,2026-06-08,43,54.14
P0006,2026-06-09,53,55.0
P0006,2026-06-10,44,53.71
P0006,2026-06-11,44,53.43
P0006,2026-06-12,46,49.71
P0006,2026-06-13,47,48.29
P0006,2026-06-14,58,47.86
P0006,2026-06-15,53,49.29
P0006,2026-06-16,45,48.14
P0006,2026-06-17,54,49.57
P0006,2026-06-18,39,48.86
P0006,2026-06-19,48,49.14
P0006,2026-06-20,73,52.86
P0006,2026-06-21,63,53.57
P0006,2026-06-22,46,52.57
P0006,2026-06-23,65,55.43
P0006,2026-06-24,51,55.0
P0006,2026-06-25,47,56.14
P0006,2026-06-26,55,57.14
P0006,2026-06-27,45,53.14
P0006,2026-06-28,54,51.86
P0006,2026-06-29,35,50.29
P0006,2026-06-30,47,47.71
P0006,2026-07-01,62,49.29
P0006,2026-07-02,47,49.29
P0006,2026-07-03,57,49.57
P0006,2026-07-04,50,50.29
P0006,2026-07-05,60,51.14
P0006,2026-07-06,51,53.43
P0006,2026-07-07,45,53.14
P0006,2026-07-08,38,49.71
P0006,2026-07-09,55,50.86
P0006,2026-07-10,59,51.14
P0006,2026-07-11,68,53.71
P0006,2026-07-12,58,53.43
P0006,2026-07-13,51,53.43
P0006,2026-07-14,50,54.14
P0006,2026-07-15,40,54.43
P0006,2026-07-16,51,53.86
P0006,2026-07-17,60,54.0
P0006,2026-07-18,50,51.43
P0006,2026-07-19,70,53.14
P0006,2026-07-20,54,53.57
P0006,2026-07-21,50,53.57
P0006,2026-07-22,47,54.57
P0006,2026-07-23,44,53.57
P0006,2026-07-24,60,53.57
P0006,2026-07-25,69,56.29
P0007,2025-07-26,40,40.0
P0007,2025-07-27,41,40.5
P0007,2025-07-28,42,41.0
P0007,2025-07-29,40,40.75
P0007,2025-07-30,22,37.0
P0007,2025-07-31,30,35.83
P0007,2025-08-01,48,37.57
P0007,2025-08-02,37,37.14
P0007,2025-08-03,38,36.71
P0007,2025-08-04,40,36.43
P0007,2025-08-05,34,35.57
P0007,2025-08-06,30,36.71
P0007,2025-08-07,36,37.57
P0007,2025-08-08,52,38.14
P0007,2025-08-09,40,38.57
P0007,2025-08-10,57,41.29
P0007,2025-08-11,42,41.57
P0007,2025-08-12,38,42.14
P0007,2025-08-13,30,42.14
P0007,2025-08-14,36,42.14
P0007,2025-08-15,30,39.0
P0007,2025-08-16,51,40.57
P0007,2025-08-17,51,39.71
P0007,2025-08-18,26,37.43
P0007,2025-08-19,42,38.0
P0007,2025-08-20,28,37.71
P0007,2025-08-21,34,37.43
P0007,2025-08-22,43,39.29
P0007,2025-08-23,40,37.71
P0007,2025-08-24,54,38.14
P0007,2025-08-25,37,39.71
P0007,2025-08-26,42,39.71
P0007,2025-08-27,34,40.57
P0007,2025-08-28,39,41.29
P0007,2025-08-29,39,40.71
P0007,2025-08-30,45,41.43
P0007,2025-08-31,47,40.43
P0007,2025-09-01,33,39.86
P0007,2025-09-02,41,39.71
P0007,2025-09-03,28,38.86
P0007,2025-09-04,31,37.71
P0007,2025-09-05,35,37.14
P0007,2025-09-06,36,35.86
P0007,2025-09-07,39,34.71
P0007,2025-09-08,45,36.43
P0007,2025-09-09,34,35.43
P0007,2025-09-10,30,35.71
P0007,2025-09-11,33,36.0
P0007,2025-09-12,41,36.86
P0007,2025-09-13,32,36.29
P0007,2025-09-14,43,36.86
P0007,2025-09-15,33,35.14
P0007,2025-09-16,32,34.86
P0007,2025-09-17,44,36.86
P0007,2025-09-18,31,36.57
P0007,2025-09-19,36,35.86
P0007,2025-09-20,44,37.57
P0007,2025-09-21,40,37.14
P0007,2025-09-22,44,38.71
P0007,2025-09-23,27,38.0
P0007,2025-09-24,42,37.71
P0007,2025-09-25,37,38.57
P0007,2025-09-26,46,40.0
P0007,2025-09-27,46,40.29
P0007,2025-09-28,45,41.0
P0007,2025-09-29,33,39.43
P0007,2025-09-30,33,40.29
P0007,2025-10-01,34,39.14
P0007,2025-10-02,39,39.43
P0007,2025-10-03,40,38.57
P0007,2025-10-04,47,38.71
P0007,2025-10-05,50,39.43
P0007,2025-10-06,38,40.14
P0007,2025-10-07,43,41.57
P0007,2025-10-08,30,41.0
P0007,2025-10-09,42,41.43
P0007,2025-10-10,47,42.43
P0007,2025-10-11,49,42.71
P0007,2025-10-12,36,40.71
P0007,2025-10-13,40,41.0
P0007,2025-10-14,33,39.57
P0007,2025-10-15,27,39.14
P0007,2025-10-16,41,39.0
P0007,2025-10-17,45,38.71
P0007,2025-10-18,49,38.71
P0007,2025-10-19,38,39.0
P0007,2025-10-20,30,37.57
P0007,2025-10-21,38,38.29
P0007,2025-10-22,41,40.29
P0007,2025-10-23,34,39.29
P0007,2025-10-24,43,39.0
P0007,2025-10-25,40,37.71
P0007,2025-10-26,47,39.0
P0007,2025-10-27,34,39.57
P0007,2025-10-28,33,38.86
P0007,2025-10-29,46,39.57
P0007,2025-10-30,29,38.86
P0007,2025-10-31,39,38.29
P0007,2025-11-01,70,42.57
P0007,2025-11-02,58,44.14
P0007,2025-11-03,50,46.43
P0007,2025-11-04,60,50.29
P0007,2025-11-05,52,51.14
P0007,2025-11-06,53,54.57
P0007,2025-11-07,70,59.0
P0007,2025-11-08,95,62.57
P0007,2025-11-09,62,63.14
P0007,2025-11-10,61,64.71
P0007,2025-11-11,44,62.43
P0007,2025-11-12,57,63.14
P0007,2025-11-13,61,64.29
P0007,2025-11-14,74,64.86
P0007,2025-11-15,64,60.43
P0007,2025-11-16,82,63.29
P0007,2025-11-17,52,62.0
P0007,2025-11-18,61,64.43
P0007,2025-11-19,63,65.29
P0007,2025-11-20,54,64.29
P0007,2025-11-21,67,63.29
P0007,2025-11-22,69,64.0
P0007,2025-11-23,69,62.14
P0007,2025-11-24,49,61.71
P0007,2025-11-25,56,61.0
P0007,2025-11-26,57,60.14
P0007,2025-11-27,58,60.71
P0007,2025-11-28,68,60.86
P0007,2025-11-29,72,61.29
P0007,2025-11-30,75,62.14
P0007,2025-12-01,63,64.14
P0007,2025-12-02,58,64.43
P0007,2025-12-03,58,64.57
P0007,2025-12-04,57,64.43
P0007,2025-12-05,77,65.71
P0007,2025-12-06,70,65.43
P0007,2025-12-07,54,62.43
P0007,2025-12-08,48,60.29
P0007,2025-12-09,44,58.29
P0007,2025-12-10,60,58.57
P0007,2025-12-11,67,60.0
P0007,2025-12-12,74,59.57
P0007,2025-12-13,67,59.14
P0007,2025-12-14,63,60.43
P0007,2025-12-15,63,62.57
P0007,2025-12-16,65,65.57
P0007,2025-12-17,47,63.71
P0007,2025-12-18,53,61.71
P0007,2025-12-19,53,58.71
P0007,2025-12-20,76,60.0
P0007,2025-12-21,57,59.14
P0007,2025-12-22,62,59.0
P0007,2025-12-23,60,58.29
P0007,2025-12-24,72,61.86
P0007,2025-12-25,63,63.29
P0007,2025-12-26,57,63.86
P0007,2025-12-27,63,62.0
P0007,2025-12-28,65,63.14
P0007,2025-12-29,55,62.14
P0007,2025-12-30,46,60.14
P0007,2025-12-31,57,58.0
P0007,2026-01-01,31,53.43
P0007,2026-01-02,38,50.71
P0007,2026-01-03,19,44.43
P0007,2026-01-04,33,39.86
P0007,2026-01-05,20,34.86
P0007,2026-01-06,24,31.71
P0007,2026-01-07,31,28.0
P0007,2026-01-08,25,27.14
P0007,2026-01-09,29,25.86
P0007,2026-01-10,35,28.14
P0007,2026-01-11,39,29.0
P0007,2026-01-12,30,30.43
P0007,2026-01-13,26,30.71
P0007,2026-01-14,20,29.14
P0007,2026-01-15,20,28.43
P0007,2026-01-16,41,30.14
P0007,2026-01-17,37,30.43
P0007,2026-01-18,40,30.57
P0007,2026-01-19,26,30.0
P0007,2026-01-20,32,30.86
P0007,2026-01-21,37,33.29
P0007,2026-01-22,34,35.29
P0007,2026-01-23,37,34.71
P0007,2026-01-24,33,34.14
P0007,2026-01-25,38,33.86
P0007,2026-01-26,29,34.29
P0007,2026-01-27,29,33.86
P0007,2026-01-28,34,33.43
P0007,2026-01-29,33,33.29
P0007,2026-01-30,35,33.0
P0007,2026-01-31,23,31.57
P0007,2026-02-01,46,32.71
P0007,2026-02-02,24,32.0
P0007,2026-02-03,30,32.14
P0007,2026-02-04,27,31.14
P0007,2026-02-05,22,29.57
P0007,2026-02-06,42,30.57
P0007,2026-02-07,38,32.71
P0007,2026-02-08,47,32.86
P0007,2026-02-09,35,34.43
P0007,2026-02-10,20,33.0
P0007,2026-02-11,36,34.29
P0007,2026-02-12,27,35.0
P0007,2026-02-13,41,34.86
P0007,2026-02-14,38,34.86
P0007,2026-02-15,40,33.86
P0007,2026-02-16,34,33.71
P0007,2026-02-17,29,35.0
P0007,2026-02-18,39,35.43
P0007,2026-02-19,38,37.0
P0007,2026-02-20,41,37.0
P0007,2026-02-21,41,37.43
P0007,2026-02-22,48,38.57
P0007,2026-02-23,31,38.14
P0007,2026-02-24,24,37.43
P0007,2026-02-25,32,36.43
P0007,2026-02-26,28,35.0
P0007,2026-02-27,41,35.0
P0007,2026-02-28,38,34.57
P0007,2026-03-01,45,34.14
P0007,2026-03-02,43,35.86
P0007,2026-03-03,44,38.71
P0007,2026-03-04,48,41.0
P0007,2026-03-05,39,42.57
P0007,2026-03-06,42,42.71
P0007,2026-03-07,41,43.14
P0007,2026-03-08,43,42.86
P0007,2026-03-09,41,42.57
P0007,2026-03-10,32,40.86
P0007,2026-03-11,35,39.0
P0007,2026-03-12,36,38.57
P0007,2026-03-13,51,39.86
P0007,2026-03-14,52,41.43
P0007,2026-03-15,38,40.71
P0007,2026-03-16,34,39.71
P0007,2026-03-17,26,38.86
P0007,2026-03-18,43,40.0
P0007,2026-03-19,43,41.0
P0007,2026-03-20,36,38.86
P0007,2026-03-21,44,37.71
P0007,2026-03-22,40,38.0
P0007,2026-03-23,33,37.86
P0007,2026-03-24,32,38.71
P0007,2026-03-25,39,38.14
P0007,2026-03-26,39,37.57
P0007,2026-03-27,36,37.57
P0007,2026-03-28,45,37.71
P0007,2026-03-29,49,39.0
P0007,2026-03-30,37,39.57
P0007,2026-03-31,27,38.86
P0007,2026-04-01,41,39.14
P0007,2026-04-02,46,40.14
P0007,2026-04-03,40,40.71
P0007,2026-04-04,36,39.43
P0007,2026-04-05,54,40.14
P0007,2026-04-06,33,39.57
P0007,2026-04-07,36,40.86
P0007,2026-04-08,39,40.57
P0007,2026-04-09,29,38.14
P0007,2026-04-10,46,39.0
P0007,2026-04-11,47,40.57
P0007,2026-04-12,35,37.86
P0007,2026-04-13,23,36.43
P0007,2026-04-14,43,37.43
P0007,2026-04-15,36,37.0
P0007,2026-04-16,27,36.71
P0007,2026-04-17,37,35.43
P0007,2026-04-18,49,35.71
P0007,2026-04-19,49,37.71
P0007,2026-04-20,26,38.14
P0007,2026-04-21,42,38.0
P0007,2026-04-22,41,38.71
P0007,2026-04-23,36,40.0
P0007,2026-04-24,42,40.71
P0007,2026-04-25,44,40.0
P0007,2026-04-26,40,38.71
P0007,2026-04-27,26,38.71
P0007,2026-04-28,44,39.0
P0007,2026-04-29,32,37.71
P0007,2026-04-30,35,37.57
P0007,2026-05-01,44,37.86
P0007,2026-05-02,51,38.86
P0007,2026-05-03,41,39.0
P0007,2026-05-04,42,41.29
P0007,2026-05-05,27,38.86
P0007,2026-05-06,30,38.57
P0007,2026-05-07,37,38.86
P0007,2026-05-08,32,37.14
P0007,2026-05-09,41,35.71
P0007,2026-05-10,44,36.14
P0007,2026-05-11,44,36.43
P0007,2026-05-12,32,37.14
P0007,2026-05-13,37,38.14
P0007,2026-05-14,35,37.86
P0007,2026-05-15,32,37.86
P0007,2026-05-16,43,38.14
P0007,2026-05-17,48,38.71
P0007,2026-05-18,30,36.71
P0007,2026-05-19,41,38.0
P0007,2026-05-20,31,37.14
P0007,2026-05-21,40,37.86
P0007,2026-05-22,47,40.0
P0007,2026-05-23,47,40.57
P0007,2026-05-24,47,40.43
P0007,2026-05-25,32,40.71
P0007,2026-05-26,39,40.43
P0007,2026-05-27,31,40.43
P0007,2026-05-28,39,40.29
P0007,2026-05-29,50,40.71
P0007,2026-05-30,59,42.43
P0007,2026-05-31,34,40.57
P0007,2026-06-01,30,40.29
P0007,2026-06-02,46,41.29
P0007,2026-06-03,34,41.71
P0007,2026-06-04,35,41.14
P0007,2026-06-05,40,39.71
P0007,2026-06-06,47,38.0
P0007,2026-06-07,36,38.29
P0007,2026-06-08,37,39.29
P0007,2026-06-09,42,38.71
P0007,2026-06-10,43,40.0
P0007,2026-06-11,39,40.57
P0007,2026-06-12,41,40.71
P0007,2026-06-13,40,39.71
P0007,2026-06-14,45,41.0
P0007,2026-06-15,42,41.71
P0007,2026-06-16,27,39.57
P0007,2026-06-17,40,39.14
P0007,2026-06-18,36,38.71
P0007,2026-06-19,45,39.29
P0007,2026-06-20,38,39.0
P0007,2026-06-21,33,37.29
P0007,2026-06-22,38,36.71
P0007,2026-06-23,34,37.71
P0007,2026-06-24,42,38.0
P0007,2026-06-25,40,38.57
P0007,2026-06-26,49,39.14
P0007,2026-06-27,46,40.29
P0007,2026-06-28,50,42.71
P0007,2026-06-29,37,42.57
P0007,2026-06-30,39,43.29
P0007,2026-07-01,31,41.71
P0007,2026-07-02,40,41.71
P0007,2026-07-03,52,42.14
P0007,2026-07-04,31,40.0
P0007,2026-07-05,35,37.86
P0007,2026-07-06,30,36.86
P0007,2026-07-07,35,36.29
P0007,2026-07-08,40,37.57
P0007,2026-07-09,26,35.57
P0007,2026-07-10,51,35.43
P0007,2026-07-11,37,36.29
P0007,2026-07-12,37,36.57
P0007,2026-07-13,34,37.14
P0007,2026-07-14,34,37.0
P0007,2026-07-15,29,35.43
P0007,2026-07-16,45,38.14
P0007,2026-07-17,51,38.14
P0007,2026-07-18,50,40.0
P0007,2026-07-19,42,40.71
P0007,2026-07-20,40,41.57
P0007,2026-07-21,32,41.29
P0007,2026-07-22,44,43.43
P0007,2026-07-23,19,39.71
P0007,2026-07-24,40,38.14
P0007,2026-07-25,42,37.0
P0008,2025-07-26,12,12.0
P0008,2025-07-27,14,13.0
P0008,2025-07-28,17,14.33
P0008,2025-07-29,8,12.75
P0008,2025-07-30,10,12.2
P0008,2025-07-31,13,12.33
P0008,2025-08-01,16,12.86
P0008,2025-08-02,16,13.43
P0008,2025-08-03,11,13.0
P0008,2025-08-04,11,12.14
P0008,2025-08-05,9,12.29
P0008,2025-08-06,12,12.57
P0008,2025-08-07,11,12.29
P0008,2025-08-08,13,11.86
P0008,2025-08-09,15,11.71
P0008,2025-08-10,14,12.14
P0008,2025-08-11,14,12.57
P0008,2025-08-12,12,13.0
P0008,2025-08-13,10,12.71
P0008,2025-08-14,12,12.86
P0008,2025-08-15,15,13.14
P0008,2025-08-16,11,12.57
P0008,2025-08-17,14,12.57
P0008,2025-08-18,13,12.43
P0008,2025-08-19,9,12.0
P0008,2025-08-20,10,12.0
P0008,2025-08-21,11,11.86
P0008,2025-08-22,19,12.43
P0008,2025-08-23,14,12.86
P0008,2025-08-24,9,12.14
P0008,2025-08-25,13,12.14
P0008,2025-08-26,6,11.71
P0008,2025-08-27,12,12.0
P0008,2025-08-28,11,12.0
P0008,2025-08-29,15,11.43
P0008,2025-08-30,7,10.43
P0008,2025-08-31,14,11.14
P0008,2025-09-01,14,11.29
P0008,2025-09-02,9,11.71
P0008,2025-09-03,6,10.86
P0008,2025-09-04,14,11.29
P0008,2025-09-05,17,11.57
P0008,2025-09-06,13,12.43
P0008,2025-09-07,12,12.14
P0008,2025-09-08,8,11.29
P0008,2025-09-09,8,11.14
P0008,2025-09-10,9,11.57
P0008,2025-09-11,8,10.71
P0008,2025-09-12,11,9.86
P0008,2025-09-13,22,11.14
P0008,2025-09-14,17,11.86
P0008,2025-09-15,12,12.43
P0008,2025-09-16,11,12.86
P0008,2025-09-17,14,13.57
P0008,2025-09-18,10,13.86
P0008,2025-09-19,15,14.43
P0008,2025-09-20,9,12.57
P0008,2025-09-21,13,12.0
P0008,2025-09-22,9,11.57
P0008,2025-09-23,13,11.86
P0008,2025-09-24,7,10.86
P0008,2025-09-25,16,11.71
P0008,2025-09-26,11,11.14
P0008,2025-09-27,9,11.14
P0008,2025-09-28,19,12.0
P0008,2025-09-29,9,12.0
P0008,2025-09-30,10,11.57
P0008,2025-10-01,14,12.57
P0008,2025-10-02,9,11.57
P0008,2025-10-03,11,11.57
P0008,2025-10-04,10,11.71
P0008,2025-10-05,13,10.86
P0008,2025-10-06,12,11.29
P0008,2025-10-07,16,12.14
P0008,2025-10-08,9,11.43
P0008,2025-10-09,10,11.57
P0008,2025-10-10,16,12.29
P0008,2025-10-11,12,12.57
P0008,2025-10-12,14,12.71
P0008,2025-10-13,15,13.14
P0008,2025-10-14,12,12.57
P0008,2025-10-15,14,13.29
P0008,2025-10-16,11,13.43
P0008,2025-10-17,16,13.43
P0008,2025-10-18,14,13.71
P0008,2025-10-19,11,13.29
P0008,2025-10-20,17,13.57
P0008,2025-10-21,9,13.14
P0008,2025-10-22,8,12.29
P0008,2025-10-23,11,12.29
P0008,2025-10-24,16,12.29
P0008,2025-10-25,15,12.43
P0008,2025-10-26,16,13.14
P0008,2025-10-27,7,11.71
P0008,2025-10-28,6,11.29
P0008,2025-10-29,14,12.14
P0008,2025-10-30,9,11.86
P0008,2025-10-31,16,11.86
P0008,2025-11-01,15,11.86
P0008,2025-11-02,26,13.29
P0008,2025-11-03,10,13.71
P0008,2025-11-04,10,14.29
P0008,2025-11-05,17,14.71
P0008,2025-11-06,13,15.29
P0008,2025-11-07,32,17.57
P0008,2025-11-08,15,17.57
P0008,2025-11-09,24,17.29
P0008,2025-11-10,15,18.0
P0008,2025-11-11,13,18.43
P0008,2025-11-12,18,18.57
P0008,2025-11-13,14,18.71
P0008,2025-11-14,21,17.14
P0008,2025-11-15,25,18.57
P0008,2025-11-16,31,19.57
P0008,2025-11-17,9,18.71
P0008,2025-11-18,15,19.0
P0008,2025-11-19,17,18.86
P0008,2025-11-20,16,19.14
P0008,2025-11-21,25,19.71
P0008,2025-11-22,21,19.14
P0008,2025-11-23,14,16.71
P0008,2025-11-24,17,17.86
P0008,2025-11-25,17,18.14
P0008,2025-11-26,12,17.43
P0008,2025-11-27,22,18.29
P0008,2025-11-28,22,17.86
P0008,2025-11-29,23,18.14
P0008,2025-11-30,14,18.14
P0008,2025-12-01,16,18.0
P0008,2025-12-02,9,16.86
P0008,2025-12-03,16,17.43
P0008,2025-12-04,13,16.14
P0008,2025-12-05,28,17.0
P0008,2025-12-06,14,15.71
P0008,2025-12-07,19,16.43
P0008,2025-12-08,22,17.29
P0008,2025-12-09,18,18.57
P0008,2025-12-10,14,18.29
P0008,2025-12-11,11,18.0
P0008,2025-12-12,17,16.43
P0008,2025-12-13,19,17.14
P0008,2025-12-14,16,16.71
P0008,2025-12-15,17,16.0
P0008,2025-12-16,13,15.29
P0008,2025-12-17,22,16.43
P0008,2025-12-18,11,16.43
P0008,2025-12-19,19,16.71
P0008,2025-12-20,13,15.86
P0008,2025-12-21,21,16.57
P0008,2025-12-22,18,16.71
P0008,2025-12-23,12,16.57
P0008,2025-12-24,14,15.43
P0008,2025-12-25,12,15.57
P0008,2025-12-26,20,15.71
P0008,2025-12-27,18,16.43
P0008,2025-12-28,22,16.57
P0008,2025-12-29,14,16.0
P0008,2025-12-30,10,15.71
P0008,2025-12-31,16,16.0
P0008,2026-01-01,11,15.86
P0008,2026-01-02,16,15.29
P0008,2026-01-03,9,14.0
P0008,2026-01-04,14,12.86
P0008,2026-01-05,7,11.86
P0008,2026-01-06,10,11.86
P0008,2026-01-07,9,10.86
P0008,2026-01-08,11,10.86
P0008,2026-01-09,18,11.14
P0008,2026-01-10,13,11.71
P0008,2026-01-11,16,12.0
P0008,2026-01-12,8,12.14
P0008,2026-01-13,6,11.57
P0008,2026-01-14,15,12.43
P0008,2026-01-15,12,12.57
P0008,2026-01-16,19,12.71
P0008,2026-01-17,11,12.43
P0008,2026-01-18,15,12.29
P0008,2026-01-19,5,11.86
P0008,2026-01-20,9,12.29
P0008,2026-01-21,11,11.71
P0008,2026-01-22,7,11.0
P0008,2026-01-23,7,9.29
P0008,2026-01-24,18,10.29
P0008,2026-01-25,13,10.0
P0008,2026-01-26,4,9.86
P0008,2026-01-27,10,10.0
P0008,2026-01-28,3,8.86
P0008,2026-01-29,14,9.86
P0008,2026-01-30,17,11.29
P0008,2026-01-31,6,9.57
P0008,2026-02-01,3,8.14
P0008,2026-02-02,11,9.14
P0008,2026-02-03,5,8.43
P0008,2026-02-04,12,9.71
P0008,2026-02-05,7,8.71
P0008,2026-02-06,11,7.86
P0008,2026-02-07,5,7.71
P0008,2026-02-08,7,8.29
P0008,2026-02-09,12,8.43
P0008,2026-02-10,4,8.29
P0008,2026-02-11,7,7.57
P0008,2026-02-12,8,7.71
P0008,2026-02-13,8,7.29
P0008,2026-02-14,12,8.29
P0008,2026-02-15,14,9.29
P0008,2026-02-16,3,8.0
P0008,2026-02-17,10,8.86
P0008,2026-02-18,9,9.14
P0008,2026-02-19,10,9.43
P0008,2026-02-20,11,9.86
P0008,2026-02-21,11,9.71
P0008,2026-02-22,13,9.57
P0008,2026-02-23,11,10.71
P0008,2026-02-24,7,10.29
P0008,2026-02-25,6,9.86
P0008,2026-02-26,7,9.43
P0008,2026-02-27,6,8.71
P0008,2026-02-28,10,8.57
P0008,2026-03-01,10,8.14
P0008,2026-03-02,8,7.71
P0008,2026-03-03,13,8.57
P0008,2026-03-04,8,8.86
P0008,2026-03-05,9,9.14
P0008,2026-03-06,8,9.43
P0008,2026-03-07,11,9.57
P0008,2026-03-08,12,9.86
P0008,2026-03-09,12,10.43
P0008,2026-03-10,8,9.71
P0008,2026-03-11,11,10.14
P0008,2026-03-12,8,10.0
P0008,2026-03-13,14,10.86
P0008,2026-03-14,12,11.0
P0008,2026-03-15,9,10.57
P0008,2026-03-16,15,11.0
P0008,2026-03-17,6,10.71
P0008,2026-03-18,5,9.86
P0008,2026-03-19,15,10.86
P0008,2026-03-20,15,11.0
P0008,2026-03-21,10,10.71
P0008,2026-03-22,13,11.29
P0008,2026-03-23,7,10.14
P0008,2026-03-24,15,11.43
P0008,2026-03-25,14,12.71
P0008,2026-03-26,16,12.86
P0008,2026-03-27,16,13.0
P0008,2026-03-28,9,12.86
P0008,2026-03-29,14,13.0
P0008,2026-03-30,9,13.29
P0008,2026-03-31,16,13.43
P0008,2026-04-01,10,12.86
P0008,2026-04-02,10,12.0
P0008,2026-04-03,8,10.86
P0008,2026-04-04,10,11.0
P0008,2026-04-05,14,11.0
P0008,2026-04-06,7,10.71
P0008,2026-04-07,10,9.86
P0008,2026-04-08,13,10.29
P0008,2026-04-09,14,10.86
P0008,2026-04-10,14,11.71
P0008,2026-04-11,7,11.29
P0008,2026-04-12,17,11.71
P0008,2026-04-13,14,12.71
P0008,2026-04-14,8,12.43
P0008,2026-04-15,11,12.14
P0008,2026-04-16,13,12.0
P0008,2026-04-17,12,11.71
P0008,2026-04-18,17,13.14
P0008,2026-04-19,10,12.14
P0008,2026-04-20,11,11.71
P0008,2026-04-21,9,11.86
P0008,2026-04-22,9,11.57
P0008,2026-04-23,10,11.14
P0008,2026-04-24,11,11.0
P0008,2026-04-25,10,10.0
P0008,2026-04-26,11,10.14
P0008,2026-04-27,19,11.29
P0008,2026-04-28,9,11.29
P0008,2026-04-29,15,12.14
P0008,2026-04-30,10,12.14
P0008,2026-05-01,8,11.71
P0008,2026-05-02,18,12.86
P0008,2026-05-03,10,12.71
P0008,2026-05-04,13,11.86
P0008,2026-05-05,15,12.71
P0008,2026-05-06,17,13.0
P0008,2026-05-07,9,12.86
P0008,2026-05-08,11,13.29
P0008,2026-05-09,15,12.86
P0008,2026-05-10,15,13.57
P0008,2026-05-11,11,13.29
P0008,2026-05-12,9,12.43
P0008,2026-05-13,12,11.71
P0008,2026-05-14,9,11.71
P0008,2026-05-15,9,11.43
P0008,2026-05-16,17,11.71
P0008,2026-05-17,19,12.29
P0008,2026-05-18,10,12.14
P0008,2026-05-19,13,12.71
P0008,2026-05-20,6,11.86
P0008,2026-05-21,6,11.43
P0008,2026-05-22,14,12.14
P0008,2026-05-23,12,11.43
P0008,2026-05-24,10,10.14
P0008,2026-05-25,15,10.86
P0008,2026-05-26,9,10.29
P0008,2026-05-27,13,11.29
P0008,2026-05-28,10,11.86
P0008,2026-05-29,12,11.57
P0008,2026-05-30,9,11.14
P0008,2026-05-31,12,11.43
P0008,2026-06-01,11,10.86
P0008,2026-06-02,11,11.14
P0008,2026-06-03,4,9.86
P0008,2026-06-04,12,10.14
P0008,2026-06-05,18,11.0
P0008,2026-06-06,13,11.57
P0008,2026-06-07,14,11.86
P0008,2026-06-08,9,11.57
P0008,2026-06-09,9,11.29
P0008,2026-06-10,10,12.14
P0008,2026-06-11,7,11.43
P0008,2026-06-12,13,10.71
P0008,2026-06-13,17,11.29
P0008,2026-06-14,10,10.71
P0008,2026-06-15,10,10.86
P0008,2026-06-16,10,11.0
P0008,2026-06-17,8,10.71
P0008,2026-06-18,10,11.14
P0008,2026-06-19,6,10.14
P0008,2026-06-20,5,8.43
P0008,2026-06-21,10,8.43
P0008,2026-06-22,10,8.43
P0008,2026-06-23,10,8.43
P0008,2026-06-24,13,9.14
P0008,2026-06-25,10,9.14
P0008,2026-06-26,16,10.57
P0008,2026-06-27,10,11.29
P0008,2026-06-28,12,11.57
P0008,2026-06-29,13,12.0
P0008,2026-06-30,16,12.86
P0008,2026-07-01,16,13.29
P0008,2026-07-02,8,13.0
P0008,2026-07-03,9,12.0
P0008,2026-07-04,13,12.43
P0008,2026-07-05,13,12.57
P0008,2026-07-06,17,13.14
P0008,2026-07-07,8,12.0
P0008,2026-07-08,6,10.57
P0008,2026-07-09,9,10.71
P0008,2026-07-10,12,11.14
P0008,2026-07-11,12,11.0
P0008,2026-07-12,15,11.29
P0008,2026-07-13,16,11.14
P0008,2026-07-14,12,11.71
P0008,2026-07-15,12,12.57
P0008,2026-07-16,11,12.86
P0008,2026-07-17,12,12.86
P0008,2026-07-18,17,13.57
P0008,2026-07-19,17,13.86
P0008,2026-07-20,16,13.86
P0008,2026-07-21,12,13.86
P0008,2026-07-22,9,13.43
P0008,2026-07-23,11,13.43
P0008,2026-07-24,12,13.43
P0008,2026-07-25,12,12.71
P0009,2025-07-26,66,66.0
P0009,2025-07-27,66,66.0
P0009,2025-07-28,68,66.67
P0009,2025-07-29,55,63.75
P0009,2025-07-30,42,59.4
P0009,2025-07-31,55,58.67
P0009,2025-08-01,85,62.43
P0009,2025-08-02,67,62.57
P0009,2025-08-03,59,61.57
P0009,2025-08-04,50,59.0
P0009,2025-08-05,66,60.57
P0009,2025-08-06,57,62.71
P0009,2025-08-07,68,64.57
P0009,2025-08-08,77,63.43
P0009,2025-08-09,78,65.0
P0009,2025-08-10,65,65.86
P0009,2025-08-11,46,65.29
P0009,2025-08-12,66,65.29
P0009,2025-08-13,52,64.57
P0009,2025-08-14,66,64.29
P0009,2025-08-15,83,65.14
P0009,2025-08-16,56,62.0
P0009,2025-08-17,70,62.71
P0009,2025-08-18,59,64.57
P0009,2025-08-19,65,64.43
P0009,2025-08-20,62,65.86
P0009,2025-08-21,51,63.71
P0009,2025-08-22,65,61.14
P0009,2025-08-23,84,65.14
P0009,2025-08-24,70,65.14
P0009,2025-08-25,55,64.57
P0009,2025-08-26,75,66.0
P0009,2025-08-27,59,65.57
P0009,2025-08-28,60,66.86
P0009,2025-08-29,59,66.0
P0009,2025-08-30,72,64.29
P0009,2025-08-31,82,66.0
P0009,2025-09-01,71,68.29
P0009,2025-09-02,57,65.71
P0009,2025-09-03,62,66.14
P0009,2025-09-04,59,66.0
P0009,2025-09-05,66,67.0
P0009,2025-09-06,74,67.29
P0009,2025-09-07,74,66.14
P0009,2025-09-08,56,64.0
P0009,2025-09-09,59,64.29
P0009,2025-09-10,63,64.43
P0009,2025-09-11,55,63.86
P0009,2025-09-12,70,64.43
P0009,2025-09-13,80,65.29
P0009,2025-09-14,67,64.29
P0009,2025-09-15,61,65.0
P0009,2025-09-16,64,65.71
P0009,2025-09-17,64,65.86
P0009,2025-09-18,70,68.0
P0009,2025-09-19,76,68.86
P0009,2025-09-20,81,69.0
P0009,2025-09-21,83,71.29
P0009,2025-09-22,70,72.57
P0009,2025-09-23,65,72.71
P0009,2025-09-24,63,72.57
P0009,2025-09-25,57,70.71
P0009,2025-09-26,89,72.57
P0009,2025-09-27,69,70.86
P0009,2025-09-28,73,69.43
P0009,2025-09-29,64,68.57
P0009,2025-09-30,57,67.43
P0009,2025-10-01,52,65.86
P0009,2025-10-02,47,64.43
P0009,2025-10-03,72,62.0
P0009,2025-10-04,64,61.29
P0009,2025-10-05,71,61.0
P0009,2025-10-06,51,59.14
P0009,2025-10-07,59,59.43
P0009,2025-10-08,48,58.86
P0009,2025-10-09,54,59.86
P0009,2025-10-10,62,58.43
P0009,2025-10-11,77,60.29
P0009,2025-10-12,56,58.14
P0009,2025-10-13,42,56.86
P0009,2025-10-14,69,58.29
P0009,2025-10-15,58,59.71
P0009,2025-10-16,60,60.57
P0009,2025-10-17,65,61.0
P0009,2025-10-18,59,58.43
P0009,2025-10-19,72,60.71
P0009,2025-10-20,74,65.29
P0009,2025-10-21,48,62.29
P0009,2025-10-22,58,62.29
P0009,2025-10-23,45,60.14
P0009,2025-10-24,68,60.57
P0009,2025-10-25,86,64.43
P0009,2025-10-26,74,64.71
P0009,2025-10-27,51,61.43
P0009,2025-10-28,58,62.86
P0009,2025-10-29,51,61.86
P0009,2025-10-30,61,64.14
P0009,2025-10-31,65,63.71
P0009,2025-11-01,102,66.0
P0009,2025-11-02,96,69.14
P0009,2025-11-03,79,73.14
P0009,2025-11-04,85,77.0
P0009,2025-11-05,91,82.71
P0009,2025-11-06,74,84.57
P0009,2025-11-07,113,91.43
P0009,2025-11-08,110,92.57
P0009,2025-11-09,80,90.29
P0009,2025-11-10,79,90.29
P0009,2025-11-11,79,89.43
P0009,2025-11-12,90,89.29
P0009,2025-11-13,77,89.71
P0009,2025-11-14,91,86.57
P0009,2025-11-15,69,80.71
P0009,2025-11-16,130,87.86
P0009,2025-11-17,56,84.57
P0009,2025-11-18,99,87.43
P0009,2025-11-19,91,87.57
P0009,2025-11-20,93,89.86
P0009,2025-11-21,95,90.43
P0009,2025-11-22,92,93.71
P0009,2025-11-23,97,89.0
P0009,2025-11-24,96,94.71
P0009,2025-11-25,86,92.86
P0009,2025-11-26,83,91.71
P0009,2025-11-27,62,87.29
P0009,2025-11-28,93,87.0
P0009,2025-11-29,70,83.86
P0009,2025-11-30,91,83.0
P0009,2025-12-01,79,80.57
P0009,2025-12-02,84,80.29
P0009,2025-12-03,87,80.86
P0009,2025-12-04,79,83.29
P0009,2025-12-05,83,81.86
P0009,2025-12-06,104,86.71
P0009,2025-12-07,92,86.86
P0009,2025-12-08,83,87.43
P0009,2025-12-09,84,87.43
P0009,2025-12-10,70,85.0
P0009,2025-12-11,77,84.71
P0009,2025-12-12,87,85.29
P0009,2025-12-13,70,80.43
P0009,2025-12-14,109,82.86
P0009,2025-12-15,92,84.14
P0009,2025-12-16,103,86.86
P0009,2025-12-17,88,89.43
P0009,2025-12-18,62,87.29
P0009,2025-12-19,84,86.86
P0009,2025-12-20,115,93.29
P0009,2025-12-21,97,91.57
P0009,2025-12-22,69,88.29
P0009,2025-12-23,69,83.43
P0009,2025-12-24,76,81.71
P0009,2025-12-25,79,84.14
P0009,2025-12-26,89,84.86
P0009,2025-12-27,130,87.0
P0009,2025-12-28,95,86.71
P0009,2025-12-29,88,89.43
P0009,2025-12-30,78,90.71
P0009,2025-12-31,83,91.71
P0009,2026-01-01,41,86.29
P0009,2026-01-02,56,81.57
P0009,2026-01-03,53,70.57
P0009,2026-01-04,53,64.57
P0009,2026-01-05,36,57.14
P0009,2026-01-06,45,52.43
P0009,2026-01-07,54,48.29
P0009,2026-01-08,58,50.71
P0009,2026-01-09,58,51.0
P0009,2026-01-10,67,53.0
P0009,2026-01-11,59,53.86
P0009,2026-01-12,46,55.29
P0009,2026-01-13,46,55.43
P0009,2026-01-14,47,54.43
P0009,2026-01-15,52,53.57
P0009,2026-01-16,64,54.43
P0009,2026-01-17,76,55.71
P0009,2026-01-18,76,58.14
P0009,2026-01-19,44,57.86
P0009,2026-01-20,39,56.86
P0009,2026-01-21,46,56.71
P0009,2026-01-22,42,55.29
P0009,2026-01-23,68,55.86
P0009,2026-01-24,47,51.71
P0009,2026-01-25,56,48.86
P0009,2026-01-26,55,50.43
P0009,2026-01-27,54,52.57
P0009,2026-01-28,43,52.14
P0009,2026-01-29,47,52.86
P0009,2026-01-30,49,50.14
P0009,2026-01-31,61,52.14
P0009,2026-02-01,76,55.0
P0009,2026-02-02,47,53.86
P0009,2026-02-03,57,54.29
P0009,2026-02-04,43,54.29
P0009,2026-02-05,49,54.57
P0009,2026-02-06,74,58.14
P0009,2026-02-07,71,59.57
P0009,2026-02-08,65,58.0
P0009,2026-02-09,67,60.86
P0009,2026-02-10,47,59.43
P0009,2026-02-11,47,60.0
P0009,2026-02-12,37,58.29
P0009,2026-02-13,66,57.14
P0009,2026-02-14,60,55.57
P0009,2026-02-15,68,56.0
P0009,2026-02-16,63,55.43
P0009,2026-02-17,56,56.71
P0009,2026-02-18,64,59.14
P0009,2026-02-19,56,61.86
P0009,2026-02-20,55,60.29
P0009,2026-02-21,70,61.71
P0009,2026-02-22,66,61.43
P0009,2026-02-23,57,60.57
P0009,2026-02-24,50,59.71
P0009,2026-02-25,54,58.29
P0009,2026-02-26,48,57.14
P0009,2026-02-27,57,57.43
P0009,2026-02-28,84,59.43
P0009,2026-03-01,72,60.29
P0009,2026-03-02,72,62.43
P0009,2026-03-03,71,65.43
P0009,2026-03-04,59,66.14
P0009,2026-03-05,55,67.14
P0009,2026-03-06,78,70.14
P0009,2026-03-07,67,67.71
P0009,2026-03-08,62,66.29
P0009,2026-03-09,50,63.14
P0009,2026-03-10,58,61.29
P0009,2026-03-11,54,60.57
P0009,2026-03-12,45,59.14
P0009,2026-03-13,69,57.86
P0009,2026-03-14,69,58.14
P0009,2026-03-15,63,58.29
P0009,2026-03-16,72,61.43
P0009,2026-03-17,52,60.57
P0009,2026-03-18,58,61.14
P0009,2026-03-19,53,62.29
P0009,2026-03-20,74,63.0
P0009,2026-03-21,67,62.71
P0009,2026-03-22,77,64.71
P0009,2026-03-23,53,62.0
P0009,2026-03-24,50,61.71
P0009,2026-03-25,71,63.57
P0009,2026-03-26,51,63.29
P0009,2026-03-27,69,62.57
P0009,2026-03-28,78,64.14
P0009,2026-03-29,72,63.43
P0009,2026-03-30,60,64.43
P0009,2026-03-31,63,66.29
P0009,2026-04-01,61,64.86
P0009,2026-04-02,50,64.71
P0009,2026-04-03,53,62.43
P0009,2026-04-04,80,62.71
P0009,2026-04-05,66,61.86
P0009,2026-04-06,51,60.57
P0009,2026-04-07,55,59.43
P0009,2026-04-08,50,57.86
P0009,2026-04-09,53,58.29
P0009,2026-04-10,55,58.57
P0009,2026-04-11,64,56.29
P0009,2026-04-12,70,56.86
P0009,2026-04-13,59,58.0
P0009,2026-04-14,52,57.57
P0009,2026-04-15,53,58.0
P0009,2026-04-16,68,60.14
P0009,2026-04-17,67,61.86
P0009,2026-04-18,89,65.43
P0009,2026-04-19,69,65.29
P0009,2026-04-20,65,66.14
P0009,2026-04-21,59,67.14
P0009,2026-04-22,47,66.29
P0009,2026-04-23,50,63.71
P0009,2026-04-24,73,64.57
P0009,2026-04-25,93,65.14
P0009,2026-04-26,71,65.43
P0009,2026-04-27,57,64.29
P0009,2026-04-28,52,63.29
P0009,2026-04-29,54,64.29
P0009,2026-04-30,58,65.43
P0009,2026-05-01,83,66.86
P0009,2026-05-02,70,63.57
P0009,2026-05-03,62,62.29
P0009,2026-05-04,59,62.57
P0009,2026-05-05,51,62.43
P0009,2026-05-06,51,62.0
P0009,2026-05-07,46,60.29
P0009,2026-05-08,76,59.29
P0009,2026-05-09,71,59.43
P0009,2026-05-10,77,61.57
P0009,2026-05-11,52,60.57
P0009,2026-05-12,54,61.0
P0009,2026-05-13,55,61.57
P0009,2026-05-14,51,62.29
P0009,2026-05-15,70,61.43
P0009,2026-05-16,73,61.71
P0009,2026-05-17,74,61.29
P0009,2026-05-18,66,63.29
P0009,2026-05-19,56,63.57
P0009,2026-05-20,47,62.43
P0009,2026-05-21,68,64.86
P0009,2026-05-22,74,65.43
P0009,2026-05-23,79,66.29
P0009,2026-05-24,61,64.43
P0009,2026-05-25,51,62.29
P0009,2026-05-26,58,62.57
P0009,2026-05-27,65,65.14
P0009,2026-05-28,38,60.86
P0009,2026-05-29,72,60.57
P0009,2026-05-30,55,57.14
P0009,2026-05-31,70,58.43
P0009,2026-06-01,55,59.0
P0009,2026-06-02,42,56.71
P0009,2026-06-03,59,55.86
P0009,2026-06-04,67,60.0
P0009,2026-06-05,63,58.71
P0009,2026-06-06,73,61.29
P0009,2026-06-07,61,60.0
P0009,2026-06-08,59,60.57
P0009,2026-06-09,68,64.29
P0009,2026-06-10,61,64.57
P0009,2026-06-11,58,63.29
P0009,2026-06-12,72,64.57
P0009,2026-06-13,84,66.14
P0009,2026-06-14,94,70.86
P0009,2026-06-15,57,70.57
P0009,2026-06-16,63,69.86
P0009,2026-06-17,62,70.0
P0009,2026-06-18,60,70.29
P0009,2026-06-19,73,70.43
P0009,2026-06-20,63,67.43
P0009,2026-06-21,64,63.14
P0009,2026-06-22,48,61.86
P0009,2026-06-23,52,60.29
P0009,2026-06-24,64,60.57
P0009,2026-06-25,42,58.0
P0009,2026-06-26,78,58.71
P0009,2026-06-27,72,60.0
P0009,2026-06-28,88,63.43
P0009,2026-06-29,44,62.86
P0009,2026-06-30,52,62.86
P0009,2026-07-01,61,62.43
P0009,2026-07-02,46,63.0
P0009,2026-07-03,88,64.43
P0009,2026-07-04,69,64.0
P0009,2026-07-05,89,64.14
P0009,2026-07-06,56,65.86
P0009,2026-07-07,51,65.71
P0009,2026-07-08,46,63.57
P0009,2026-07-09,51,64.29
P0009,2026-07-10,63,60.71
P0009,2026-07-11,73,61.29
P0009,2026-07-12,95,62.14
P0009,2026-07-13,62,63.0
P0009,2026-07-14,63,64.71
P0009,2026-07-15,57,66.29
P0009,2026-07-16,50,66.14
P0009,2026-07-17,80,68.57
P0009,2026-07-18,71,68.29
P0009,2026-07-19,59,63.14
P0009,2026-07-20,46,60.86
P0009,2026-07-21,48,58.71
P0009,2026-07-22,63,59.57
P0009,2026-07-23,49,59.43
P0009,2026-07-24,53,55.57
P0009,2026-07-25,66,54.86
P0010,2025-07-26,8,8.0
P0010,2025-07-27,12,10.0
P0010,2025-07-28,15,11.67
P0010,2025-07-29,4,9.75
P0010,2025-07-30,9,9.6
P0010,2025-07-31,6,9.0
P0010,2025-08-01,9,9.0
P0010,2025-08-02,11,9.43
P0010,2025-08-03,10,9.14
P0010,2025-08-04,8,8.14
P0010,2025-08-05,6,8.43
P0010,2025-08-06,8,8.29
P0010,2025-08-07,9,8.71
P0010,2025-08-08,7,8.43
P0010,2025-08-09,11,8.43
P0010,2025-08-10,12,8.71
P0010,2025-08-11,10,9.0
P0010,2025-08-12,5,8.86
P0010,2025-08-13,10,9.14
P0010,2025-08-14,7,8.86
P0010,2025-08-15,6,8.71
P0010,2025-08-16,6,8.0
P0010,2025-08-17,6,7.14
P0010,2025-08-18,10,7.14
P0010,2025-08-19,9,7.71
P0010,2025-08-20,7,7.29
P0010,2025-08-21,17,8.71
P0010,2025-08-22,11,9.43
P0010,2025-08-23,12,10.29
P0010,2025-08-24,9,10.71
P0010,2025-08-25,6,10.14
P0010,2025-08-26,10,10.29
P0010,2025-08-27,7,10.29
P0010,2025-08-28,11,9.43
P0010,2025-08-29,12,9.57
P0010,2025-08-30,16,10.14
P0010,2025-08-31,9,10.14
P0010,2025-09-01,11,10.86
P0010,2025-09-02,4,10.0
P0010,2025-09-03,17,11.43
P0010,2025-09-04,7,10.86
P0010,2025-09-05,10,10.57
P0010,2025-09-06,12,10.0
P0010,2025-09-07,16,11.0
P0010,2025-09-08,5,10.14
P0010,2025-09-09,4,10.14
P0010,2025-09-10,10,9.14
P0010,2025-09-11,7,9.14
P0010,2025-09-12,15,9.86
P0010,2025-09-13,17,10.57
P0010,2025-09-14,13,10.14
P0010,2025-09-15,11,11.0
P0010,2025-09-16,10,11.86
P0010,2025-09-17,5,11.14
P0010,2025-09-18,7,11.14
P0010,2025-09-19,15,11.14
P0010,2025-09-20,5,9.43
P0010,2025-09-21,3,8.0
P0010,2025-09-22,14,8.43
P0010,2025-09-23,10,8.43
P0010,2025-09-24,9,9.0
P0010,2025-09-25,3,8.43
P0010,2025-09-26,14,8.29
P0010,2025-09-27,10,9.0
P0010,2025-09-28,12,10.29
P0010,2025-09-29,7,9.29
P0010,2025-09-30,7,8.86
P0010,2025-10-01,4,8.14
P0010,2025-10-02,10,9.14
P0010,2025-10-03,11,8.71
P0010,2025-10-04,16,9.57
P0010,2025-10-05,3,8.29
P0010,2025-10-06,7,8.29
P0010,2025-10-07,9,8.57
P0010,2025-10-08,6,8.86
P0010,2025-10-09,7,8.43
P0010,2025-10-10,9,8.14
P0010,2025-10-11,16,8.14
P0010,2025-10-12,8,8.86
P0010,2025-10-13,7,8.86
P0010,2025-10-14,11,9.14
P0010,2025-10-15,10,9.71
P0010,2025-10-16,4,9.29
P0010,2025-10-17,10,9.43
P0010,2025-10-18,13,9.0
P0010,2025-10-19,10,9.29
P0010,2025-10-20,7,9.29
P0010,2025-10-21,9,9.0
P0010,2025-10-22,15,9.71
P0010,2025-10-23,8,10.29
P0010,2025-10-24,7,9.86
P0010,2025-10-25,16,10.29
P0010,2025-10-26,6,9.71
P0010,2025-10-27,5,9.43
P0010,2025-10-28,9,9.43
P0010,2025-10-29,9,8.57
P0010,2025-10-30,11,9.0
P0010,2025-10-31,11,9.57
P0010,2025-11-01,11,8.86
P0010,2025-11-02,9,9.29
P0010,2025-11-03,10,10.0
P0010,2025-11-04,9,10.0
P0010,2025-11-05,15,10.86
P0010,2025-11-06,14,11.29
P0010,2025-11-07,14,11.71
P0010,2025-11-08,14,12.14
P0010,2025-11-09,16,13.14
P0010,2025-11-10,12,13.43
P0010,2025-11-11,10,13.57
P0010,2025-11-12,11,13.0
P0010,2025-11-13,10,12.43
P0010,2025-11-14,24,13.86
P0010,2025-11-15,15,14.0
P0010,2025-11-16,25,15.29
P0010,2025-11-17,12,15.29
P0010,2025-11-18,7,14.86
P0010,2025-11-19,12,15.0
P0010,2025-11-20,11,15.14
P0010,2025-11-21,20,14.57
P0010,2025-11-22,12,14.14
P0010,2025-11-23,17,13.0
P0010,2025-11-24,9,12.57
P0010,2025-11-25,6,12.43
P0010,2025-11-26,22,13.86
P0010,2025-11-27,17,14.71
P0010,2025-11-28,8,13.0
P0010,2025-11-29,16,13.57
P0010,2025-11-30,15,13.29
P0010,2025-12-01,11,13.57
P0010,2025-12-02,10,14.14
P0010,2025-12-03,16,13.29
P0010,2025-12-04,16,13.14
P0010,2025-12-05,16,14.29
P0010,2025-12-06,12,13.71
P0010,2025-12-07,11,13.14
P0010,2025-12-08,8,12.71
P0010,2025-12-09,16,13.57
P0010,2025-12-10,10,12.71
P0010,2025-12-11,15,12.57
P0010,2025-12-12,14,12.29
P0010,2025-12-13,13,12.43
P0010,2025-12-14,14,12.86
P0010,2025-12-15,20,14.57
P0010,2025-12-16,21,15.29
P0010,2025-12-17,12,15.57
P0010,2025-12-18,9,14.71
P0010,2025-12-19,9,14.0
P0010,2025-12-20,18,14.71
P0010,2025-12-21,15,14.86
P0010,2025-12-22,16,14.29
P0010,2025-12-23,15,13.43
P0010,2025-12-24,16,14.0
P0010,2025-12-25,6,13.57
P0010,2025-12-26,14,14.29
P0010,2025-12-27,20,14.57
P0010,2025-12-28,13,14.29
P0010,2025-12-29,10,13.43
P0010,2025-12-30,12,13.0
P0010,2025-12-31,10,12.14
P0010,2026-01-01,4,11.86
P0010,2026-01-02,7,10.86
P0010,2026-01-03,12,9.71
P0010,2026-01-04,10,9.29
P0010,2026-01-05,4,8.43
P0010,2026-01-06,8,7.86
P0010,2026-01-07,5,7.14
P0010,2026-01-08,7,7.57
P0010,2026-01-09,7,7.57
P0010,2026-01-10,8,7.0
P0010,2026-01-11,5,6.29
P0010,2026-01-12,4,6.29
P0010,2026-01-13,4,5.71
P0010,2026-01-14,9,6.29
P0010,2026-01-15,10,6.71
P0010,2026-01-16,16,8.0
P0010,2026-01-17,9,8.14
P0010,2026-01-18,9,8.71
P0010,2026-01-19,4,8.71
P0010,2026-01-20,8,9.29
P0010,2026-01-21,8,9.14
P0010,2026-01-22,6,8.57
P0010,2026-01-23,8,7.43
P0010,2026-01-24,9,7.43
P0010,2026-01-25,6,7.0
P0010,2026-01-26,9,7.71
P0010,2026-01-27,7,7.57
P0010,2026-01-28,4,7.0
P0010,2026-01-29,7,7.14
P0010,2026-01-30,12,7.71
P0010,2026-01-31,10,7.86
P0010,2026-02-01,5,7.71
P0010,2026-02-02,6,7.29
P0010,2026-02-03,8,7.43
P0010,2026-02-04,7,7.86
P0010,2026-02-05,12,8.57
P0010,2026-02-06,6,7.71
P0010,2026-02-07,5,7.0
P0010,2026-02-08,10,7.71
P0010,2026-02-09,4,7.43
P0010,2026-02-10,8,7.43
P0010,2026-02-11,10,7.86
P0010,2026-02-12,7,7.14
P0010,2026-02-13,11,7.86
P0010,2026-02-14,6,8.0
P0010,2026-02-15,9,7.86
P0010,2026-02-16,8,8.43
P0010,2026-02-17,8,8.43
P0010,2026-02-18,8,8.14
P0010,2026-02-19,14,9.14
P0010,2026-02-20,8,8.71
P0010,2026-02-21,9,9.14
P0010,2026-02-22,9,9.14
P0010,2026-02-23,7,9.0
P0010,2026-02-24,13,9.71
P0010,2026-02-25,7,9.57
P0010,2026-02-26,7,8.57
P0010,2026-02-27,8,8.57
P0010,2026-02-28,12,9.0
P0010,2026-03-01,11,9.29
P0010,2026-03-02,9,9.57
P0010,2026-03-03,10,9.14
P0010,2026-03-04,4,8.71
P0010,2026-03-05,10,9.14
P0010,2026-03-06,5,8.71
P0010,2026-03-07,11,8.57
P0010,2026-03-08,14,9.0
P0010,2026-03-09,7,8.71
P0010,2026-03-10,9,8.57
P0010,2026-03-11,5,8.71
P0010,2026-03-12,8,8.43
P0010,2026-03-13,6,8.57
P0010,2026-03-14,8,8.14
P0010,2026-03-15,8,7.29
P0010,2026-03-16,7,7.29
P0010,2026-03-17,6,6.86
P0010,2026-03-18,4,6.71
P0010,2026-03-19,6,6.43
P0010,2026-03-20,10,7.0
P0010,2026-03-21,10,7.29
P0010,2026-03-22,10,7.57
P0010,2026-03-23,8,7.71
P0010,2026-03-24,16,9.14
P0010,2026-03-25,12,10.29
P0010,2026-03-26,7,10.43
P0010,2026-03-27,9,10.29
P0010,2026-03-28,8,10.0
P0010,2026-03-29,16,10.86
P0010,2026-03-30,6,10.57
P0010,2026-03-31,11,9.86
P0010,2026-04-01,9,9.43
P0010,2026-04-02,4,9.0
P0010,2026-04-03,6,8.57
P0010,2026-04-04,8,8.57
P0010,2026-04-05,6,7.14
P0010,2026-04-06,10,7.71
P0010,2026-04-07,14,8.14
P0010,2026-04-08,8,8.0
P0010,2026-04-09,6,8.29
P0010,2026-04-10,8,8.57
P0010,2026-04-11,11,9.0
P0010,2026-04-12,13,10.0
P0010,2026-04-13,10,10.0
P0010,2026-04-14,10,9.43
P0010,2026-04-15,8,9.43
P0010,2026-04-16,10,10.0
P0010,2026-04-17,9,10.14
P0010,2026-04-18,5,9.29
P0010,2026-04-19,12,9.14
P0010,2026-04-20,5,8.43
P0010,2026-04-21,11,8.57
P0010,2026-04-22,8,8.57
P0010,2026-04-23,12,8.86
P0010,2026-04-24,14,9.57
P0010,2026-04-25,20,11.71
P0010,2026-04-26,17,12.43
P0010,2026-04-27,9,13.0
P0010,2026-04-28,6,12.29
P0010,2026-04-29,7,12.14
P0010,2026-04-30,5,11.14
P0010,2026-05-01,11,10.71
P0010,2026-05-02,16,10.14
P0010,2026-05-03,6,8.57
P0010,2026-05-04,7,8.29
P0010,2026-05-05,7,8.43
P0010,2026-05-06,8,8.57
P0010,2026-05-07,3,8.29
P0010,2026-05-08,11,8.29
P0010,2026-05-09,16,8.29
P0010,2026-05-10,13,9.29
P0010,2026-05-11,11,9.86
P0010,2026-05-12,6,9.71
P0010,2026-05-13,9,9.86
P0010,2026-05-14,9,10.71
P0010,2026-05-15,8,10.29
P0010,2026-05-16,9,9.29
P0010,2026-05-17,10,8.86
P0010,2026-05-18,4,7.86
P0010,2026-05-19,7,8.0
P0010,2026-05-20,3,7.14
P0010,2026-05-21,13,7.71
P0010,2026-05-22,12,8.29
P0010,2026-05-23,7,8.0
P0010,2026-05-24,13,8.43
P0010,2026-05-25,9,9.14
P0010,2026-05-26,9,9.43
P0010,2026-05-27,10,10.43
P0010,2026-05-28,11,10.14
P0010,2026-05-29,5,9.14
P0010,2026-05-30,9,9.43
P0010,2026-05-31,11,9.14
P0010,2026-06-01,9,9.14
P0010,2026-06-02,10,9.29
P0010,2026-06-03,15,10.0
P0010,2026-06-04,8,9.57
P0010,2026-06-05,16,11.14
P0010,2026-06-06,18,12.43
P0010,2026-06-07,10,12.29
P0010,2026-06-08,9,12.29
P0010,2026-06-09,11,12.43
P0010,2026-06-10,6,11.14
P0010,2026-06-11,12,11.71
P0010,2026-06-12,10,10.86
P0010,2026-06-13,15,10.43
P0010,2026-06-14,10,10.43
P0010,2026-06-15,8,10.29
P0010,2026-06-16,13,10.57
P0010,2026-06-17,12,11.43
P0010,2026-06-18,9,11.0
P0010,2026-06-19,14,11.57
P0010,2026-06-20,11,11.0
P0010,2026-06-21,9,10.86
P0010,2026-06-22,10,11.14
P0010,2026-06-23,5,10.0
P0010,2026-06-24,5,9.0
P0010,2026-06-25,11,9.29
P0010,2026-06-26,11,8.86
P0010,2026-06-27,10,8.71
P0010,2026-06-28,14,9.43
P0010,2026-06-29,8,9.14
P0010,2026-06-30,8,9.57
P0010,2026-07-01,6,9.71
P0010,2026-07-02,8,9.29
P0010,2026-07-03,20,10.57
P0010,2026-07-04,9,10.43
P0010,2026-07-05,4,9.0
P0010,2026-07-06,12,9.57
P0010,2026-07-07,4,9.0
P0010,2026-07-08,7,9.14
P0010,2026-07-09,8,9.14
P0010,2026-07-10,15,8.43
P0010,2026-07-11,12,8.86
P0010,2026-07-12,13,10.14
P0010,2026-07-13,10,9.86
P0010,2026-07-14,6,10.14
P0010,2026-07-15,13,11.0
P0010,2026-07-16,11,11.43
P0010,2026-07-17,13,11.14
P0010,2026-07-18,14,11.43
P0010,2026-07-19,7,10.57
P0010,2026-07-20,6,10.0
P0010,2026-07-21,10,10.57
P0010,2026-07-22,10,10.14
P0010,2026-07-23,10,10.0
P0010,2026-07-24,11,9.71
P0010,2026-07-25,8,8.86
P0011,2025-07-26,51,51.0
P0011,2025-07-27,49,50.0
P0011,2025-07-28,33,44.33
P0011,2025-07-29,42,43.75
P0011,2025-07-30,43,43.6
P0011,2025-07-31,32,41.67
P0011,2025-08-01,52,43.14
P0011,2025-08-02,44,42.14
P0011,2025-08-03,51,42.43
P0011,2025-08-04,42,43.71
P0011,2025-08-05,35,42.71
P0011,2025-08-06,47,43.29
P0011,2025-08-07,28,42.71
P0011,2025-08-08,43,41.43
P0011,2025-08-09,44,41.43
P0011,2025-08-10,46,40.71
P0011,2025-08-11,40,40.43
P0011,2025-08-12,44,41.71
P0011,2025-08-13,38,40.43
P0011,2025-08-14,32,41.0
P0011,2025-08-15,54,42.57
P0011,2025-08-16,45,42.71
P0011,2025-08-17,48,43.0
P0011,2025-08-18,39,42.86
P0011,2025-08-19,36,41.71
P0011,2025-08-20,37,41.57
P0011,2025-08-21,44,43.29
P0011,2025-08-22,51,42.86
P0011,2025-08-23,62,45.29
P0011,2025-08-24,51,45.71
P0011,2025-08-25,27,44.0
P0011,2025-08-26,39,44.43
P0011,2025-08-27,48,46.0
P0011,2025-08-28,23,43.0
P0011,2025-08-29,39,41.29
P0011,2025-08-30,45,38.86
P0011,2025-08-31,45,38.0
P0011,2025-09-01,40,39.86
P0011,2025-09-02,43,40.43
P0011,2025-09-03,48,40.43
P0011,2025-09-04,42,43.14
P0011,2025-09-05,56,45.57
P0011,2025-09-06,61,47.86
P0011,2025-09-07,48,48.29
P0011,2025-09-08,36,47.71
P0011,2025-09-09,51,48.86
P0011,2025-09-10,30,46.29
P0011,2025-09-11,33,45.0
P0011,2025-09-12,58,45.29
P0011,2025-09-13,45,43.0
P0011,2025-09-14,49,43.14
P0011,2025-09-15,39,43.57
P0011,2025-09-16,41,42.14
P0011,2025-09-17,41,43.71
P0011,2025-09-18,37,44.29
P0011,2025-09-19,54,43.71
P0011,2025-09-20,45,43.71
P0011,2025-09-21,53,44.29
P0011,2025-09-22,40,44.43
P0011,2025-09-23,34,43.43
P0011,2025-09-24,38,43.0
P0011,2025-09-25,48,44.57
P0011,2025-09-26,53,44.43
P0011,2025-09-27,52,45.43
P0011,2025-09-28,51,45.14
P0011,2025-09-29,46,46.0
P0011,2025-09-30,45,47.57
P0011,2025-10-01,38,47.57
P0011,2025-10-02,40,46.43
P0011,2025-10-03,48,45.71
P0011,2025-10-04,47,45.0
P0011,2025-10-05,42,43.71
P0011,2025-10-06,43,43.29
P0011,2025-10-07,39,42.43
P0011,2025-10-08,48,43.86
P0011,2025-10-09,42,44.14
P0011,2025-10-10,46,43.86
P0011,2025-10-11,38,42.57
P0011,2025-10-12,41,42.43
P0011,2025-10-13,40,42.0
P0011,2025-10-14,39,42.0
P0011,2025-10-15,28,39.14
P0011,2025-10-16,50,40.29
P0011,2025-10-17,55,41.57
P0011,2025-10-18,51,43.43
P0011,2025-10-19,50,44.71
P0011,2025-10-20,37,44.29
P0011,2025-10-21,36,43.86
P0011,2025-10-22,36,45.0
P0011,2025-10-23,39,43.43
P0011,2025-10-24,44,41.86
P0011,2025-10-25,46,41.14
P0011,2025-10-26,56,42.0
P0011,2025-10-27,38,42.14
P0011,2025-10-28,41,42.86
P0011,2025-10-29,41,43.57
P0011,2025-10-30,46,44.57
P0011,2025-10-31,55,46.14
P0011,2025-11-01,73,50.0
P0011,2025-11-02,82,53.71
P0011,2025-11-03,66,57.71
P0011,2025-11-04,62,60.71
P0011,2025-11-05,55,62.71
P0011,2025-11-06,60,64.71
P0011,2025-11-07,68,66.57
P0011,2025-11-08,75,66.86
P0011,2025-11-09,87,67.57
P0011,2025-11-10,53,65.71
P0011,2025-11-11,63,65.86
P0011,2025-11-12,46,64.57
P0011,2025-11-13,59,64.43
P0011,2025-11-14,89,67.43
P0011,2025-11-15,91,69.71
P0011,2025-11-16,84,69.29
P0011,2025-11-17,52,69.14
P0011,2025-11-18,50,67.29
P0011,2025-11-19,62,69.57
P0011,2025-11-20,54,68.86
P0011,2025-11-21,67,65.71
P0011,2025-11-22,94,66.14
P0011,2025-11-23,76,65.0
P0011,2025-11-24,65,66.86
P0011,2025-11-25,71,69.86
P0011,2025-11-26,71,71.14
P0011,2025-11-27,66,72.86
P0011,2025-11-28,94,76.71
P0011,2025-11-29,65,72.57
P0011,2025-11-30,62,70.57
P0011,2025-12-01,69,71.14
P0011,2025-12-02,49,68.0
P0011,2025-12-03,61,66.57
P0011,2025-12-04,60,65.71
P0011,2025-12-05,58,60.57
P0011,2025-12-06,69,61.14
P0011,2025-12-07,86,64.57
P0011,2025-12-08,65,64.0
P0011,2025-12-09,57,65.14
P0011,2025-12-10,49,63.43
P0011,2025-12-11,70,64.86
P0011,2025-12-12,75,67.29
P0011,2025-12-13,87,69.86
P0011,2025-12-14,80,69.0
P0011,2025-12-15,58,68.0
P0011,2025-12-16,63,68.86
P0011,2025-12-17,67,71.43
P0011,2025-12-18,62,70.29
P0011,2025-12-19,67,69.14
P0011,2025-12-20,73,67.14
P0011,2025-12-21,80,67.14
P0011,2025-12-22,59,67.29
P0011,2025-12-23,58,66.57
P0011,2025-12-24,47,63.71
P0011,2025-12-25,61,63.57
P0011,2025-12-26,70,64.0
P0011,2025-12-27,63,62.57
P0011,2025-12-28,75,61.86
P0011,2025-12-29,53,61.0
P0011,2025-12-30,60,61.29
P0011,2025-12-31,50,61.71
P0011,2026-01-01,26,56.71
P0011,2026-01-02,46,53.29
P0011,2026-01-03,43,50.43
P0011,2026-01-04,45,46.14
P0011,2026-01-05,30,42.86
P0011,2026-01-06,27,38.14
P0011,2026-01-07,30,35.29
P0011,2026-01-08,37,36.86
P0011,2026-01-09,44,36.57
P0011,2026-01-10,33,35.14
P0011,2026-01-11,39,34.29
P0011,2026-01-12,40,35.71
P0011,2026-01-13,35,36.86
P0011,2026-01-14,39,38.14
P0011,2026-01-15,28,36.86
P0011,2026-01-16,37,35.86
P0011,2026-01-17,43,37.29
P0011,2026-01-18,44,38.0
P0011,2026-01-19,28,36.29
P0011,2026-01-20,32,35.86
P0011,2026-01-21,33,35.0
P0011,2026-01-22,41,36.86
P0011,2026-01-23,48,38.43
P0011,2026-01-24,35,37.29
P0011,2026-01-25,37,36.29
P0011,2026-01-26,32,36.86
P0011,2026-01-27,50,39.43
P0011,2026-01-28,34,39.57
P0011,2026-01-29,39,39.29
P0011,2026-01-30,35,37.43
P0011,2026-01-31,35,37.43
P0011,2026-02-01,36,37.29
P0011,2026-02-02,33,37.43
P0011,2026-02-03,28,34.29
P0011,2026-02-04,25,33.0
P0011,2026-02-05,32,32.0
P0011,2026-02-06,43,33.14
P0011,2026-02-07,37,33.43
P0011,2026-02-08,55,36.14
P0011,2026-02-09,33,36.14
P0011,2026-02-10,44,38.43
P0011,2026-02-11,38,40.29
P0011,2026-02-12,39,41.29
P0011,2026-02-13,40,40.86
P0011,2026-02-14,50,42.71
P0011,2026-02-15,45,41.29
P0011,2026-02-16,37,41.86
P0011,2026-02-17,37,40.86
P0011,2026-02-18,33,40.14
P0011,2026-02-19,34,39.43
P0011,2026-02-20,44,40.0
P0011,2026-02-21,35,37.86
P0011,2026-02-22,42,37.43
P0011,2026-02-23,26,35.86
P0011,2026-02-24,29,34.71
P0011,2026-02-25,31,34.43
P0011,2026-02-26,34,34.43
P0011,2026-02-27,47,34.86
P0011,2026-02-28,44,36.14
P0011,2026-03-01,51,37.43
P0011,2026-03-02,27,37.57
P0011,2026-03-03,40,39.14
P0011,2026-03-04,46,41.29
P0011,2026-03-05,42,42.43
P0011,2026-03-06,61,44.43
P0011,2026-03-07,54,45.86
P0011,2026-03-08,47,45.29
P0011,2026-03-09,35,46.43
P0011,2026-03-10,39,46.29
P0011,2026-03-11,37,45.0
P0011,2026-03-12,43,45.14
P0011,2026-03-13,44,42.71
P0011,2026-03-14,40,40.71
P0011,2026-03-15,53,41.57
P0011,2026-03-16,38,42.0
P0011,2026-03-17,42,42.43
P0011,2026-03-18,33,41.86
P0011,2026-03-19,52,43.14
P0011,2026-03-20,55,44.71
P0011,2026-03-21,47,45.71
P0011,2026-03-22,44,44.43
P0011,2026-03-23,43,45.14
P0011,2026-03-24,42,45.14
P0011,2026-03-25,52,47.86
P0011,2026-03-26,30,44.71
P0011,2026-03-27,47,43.57
P0011,2026-03-28,40,42.57
P0011,2026-03-29,56,44.29
P0011,2026-03-30,41,44.0
P0011,2026-03-31,41,43.86
P0011,2026-04-01,32,41.0
P0011,2026-04-02,32,41.29
P0011,2026-04-03,43,40.71
P0011,2026-04-04,45,41.43
P0011,2026-04-05,42,39.43
P0011,2026-04-06,44,39.86
P0011,2026-04-07,41,39.86
P0011,2026-04-08,43,41.43
P0011,2026-04-09,44,43.14
P0011,2026-04-10,52,44.43
P0011,2026-04-11,48,44.86
P0011,2026-04-12,36,44.0
P0011,2026-04-13,39,43.29
P0011,2026-04-14,32,42.0
P0011,2026-04-15,28,39.86
P0011,2026-04-16,33,38.29
P0011,2026-04-17,37,36.14
P0011,2026-04-18,53,36.86
P0011,2026-04-19,39,37.29
P0011,2026-04-20,41,37.57
P0011,2026-04-21,31,37.43
P0011,2026-04-22,44,39.71
P0011,2026-04-23,45,41.43
P0011,2026-04-24,50,43.29
P0011,2026-04-25,51,43.0
P0011,2026-04-26,55,45.29
P0011,2026-04-27,36,44.57
P0011,2026-04-28,41,46.0
P0011,2026-04-29,48,46.57
P0011,2026-04-30,41,46.0
P0011,2026-05-01,50,46.0
P0011,2026-05-02,47,45.43
P0011,2026-05-03,40,43.29
P0011,2026-05-04,30,42.43
P0011,2026-05-05,40,42.29
P0011,2026-05-06,42,41.43
P0011,2026-05-07,37,40.86
P0011,2026-05-08,57,41.86
P0011,2026-05-09,54,42.86
P0011,2026-05-10,48,44.0
P0011,2026-05-11,53,47.29
P0011,2026-05-12,37,46.86
P0011,2026-05-13,35,45.86
P0011,2026-05-14,39,46.14
P0011,2026-05-15,42,44.0
P0011,2026-05-16,43,42.43
P0011,2026-05-17,55,43.43
P0011,2026-05-18,42,41.86
P0011,2026-05-19,33,41.29
P0011,2026-05-20,35,41.29
P0011,2026-05-21,39,41.29
P0011,2026-05-22,61,44.0
P0011,2026-05-23,46,44.43
P0011,2026-05-24,43,42.71
P0011,2026-05-25,35,41.71
P0011,2026-05-26,46,43.57
P0011,2026-05-27,34,43.43
P0011,2026-05-28,41,43.71
P0011,2026-05-29,49,42.0
P0011,2026-05-30,49,42.43
P0011,2026-05-31,44,42.57
P0011,2026-06-01,42,43.57
P0011,2026-06-02,34,41.86
P0011,2026-06-03,51,44.29
P0011,2026-06-04,42,44.43
P0011,2026-06-05,54,45.14
P0011,2026-06-06,50,45.29
P0011,2026-06-07,61,47.71
P0011,2026-06-08,47,48.43
P0011,2026-06-09,38,49.0
P0011,2026-06-10,53,49.29
P0011,2026-06-11,33,48.0
P0011,2026-06-12,51,47.57
P0011,2026-06-13,52,47.86
P0011,2026-06-14,55,47.0
P0011,2026-06-15,49,47.29
P0011,2026-06-16,51,49.14
P0011,2026-06-17,38,47.0
P0011,2026-06-18,38,47.71
P0011,2026-06-19,47,47.14
P0011,2026-06-20,49,46.71
P0011,2026-06-21,46,45.43
P0011,2026-06-22,39,44.0
P0011,2026-06-23,42,42.71
P0011,2026-06-24,41,43.14
P0011,2026-06-25,32,42.29
P0011,2026-06-26,51,42.86
P0011,2026-06-27,55,43.71
P0011,2026-06-28,60,45.71
P0011,2026-06-29,34,45.0
P0011,2026-06-30,41,44.86
P0011,2026-07-01,44,45.29
P0011,2026-07-02,35,45.71
P0011,2026-07-03,37,43.71
P0011,2026-07-04,53,43.43
P0011,2026-07-05,54,42.57
P0011,2026-07-06,27,41.57
P0011,2026-07-07,39,41.29
P0011,2026-07-08,43,41.14
P0011,2026-07-09,36,41.29
P0011,2026-07-10,52,43.43
P0011,2026-07-11,39,41.43
P0011,2026-07-12,41,39.57
P0011,2026-07-13,27,39.57
P0011,2026-07-14,32,38.57
P0011,2026-07-15,46,39.0
P0011,2026-07-16,39,39.43
P0011,2026-07-17,53,39.57
P0011,2026-07-18,60,42.57
P0011,2026-07-19,47,43.43
P0011,2026-07-20,41,45.43
P0011,2026-07-21,36,46.0
P0011,2026-07-22,41,45.29
P0011,2026-07-23,39,45.29
P0011,2026-07-24,50,44.86
P0011,2026-07-25,53,43.86
P0012,2025-07-26,43,43.0
P0012,2025-07-27,46,44.5
P0012,2025-07-28,24,37.67
P0012,2025-07-29,23,34.0
P0012,2025-07-30,28,32.8
P0012,2025-07-31,27,31.83
P0012,2025-08-01,36,32.43
P0012,2025-08-02,27,30.14
P0012,2025-08-03,33,28.29
P0012,2025-08-04,41,30.71
P0012,2025-08-05,28,31.43
P0012,2025-08-06,34,32.29
P0012,2025-08-07,30,32.71
P0012,2025-08-08,35,32.57
P0012,2025-08-09,37,34.0
P0012,2025-08-10,35,34.29
P0012,2025-08-11,35,33.43
P0012,2025-08-12,18,32.0
P0012,2025-08-13,22,30.29
P0012,2025-08-14,40,31.71
P0012,2025-08-15,29,30.86
P0012,2025-08-16,27,29.43
P0012,2025-08-17,24,27.86
P0012,2025-08-18,35,27.86
P0012,2025-08-19,24,28.71
P0012,2025-08-20,31,30.0
P0012,2025-08-21,30,28.57
P0012,2025-08-22,23,27.71
P0012,2025-08-23,36,29.0
P0012,2025-08-24,44,31.86
P0012,2025-08-25,34,31.71
P0012,2025-08-26,27,32.14
P0012,2025-08-27,25,31.29
P0012,2025-08-28,22,30.14
P0012,2025-08-29,30,31.14
P0012,2025-08-30,33,30.71
P0012,2025-08-31,26,28.14
P0012,2025-09-01,30,27.57
P0012,2025-09-02,33,28.43
P0012,2025-09-03,24,28.29
P0012,2025-09-04,23,28.43
P0012,2025-09-05,33,28.86
P0012,2025-09-06,39,29.71
P0012,2025-09-07,27,29.86
P0012,2025-09-08,32,30.14
P0012,2025-09-09,28,29.43
P0012,2025-09-10,29,30.14
P0012,2025-09-11,18,29.43
P0012,2025-09-12,26,28.43
P0012,2025-09-13,26,26.57
P0012,2025-09-14,34,27.57
P0012,2025-09-15,24,26.43
P0012,2025-09-16,33,27.14
P0012,2025-09-17,40,28.71
P0012,2025-09-18,24,29.57
P0012,2025-09-19,38,31.29
P0012,2025-09-20,44,33.86
P0012,2025-09-21,35,34.0
P0012,2025-09-22,33,35.29
P0012,2025-09-23,23,33.86
P0012,2025-09-24,28,32.14
P0012,2025-09-25,26,32.43
P0012,2025-09-26,35,32.0
P0012,2025-09-27,44,32.0
P0012,2025-09-28,46,33.57
P0012,2025-09-29,26,32.57
P0012,2025-09-30,24,32.71
P0012,2025-10-01,33,33.43
P0012,2025-10-02,30,34.0
P0012,2025-10-03,24,32.43
P0012,2025-10-04,32,30.71
P0012,2025-10-05,27,28.0
P0012,2025-10-06,18,26.86
P0012,2025-10-07,27,27.29
P0012,2025-10-08,30,26.86
P0012,2025-10-09,17,25.0
P0012,2025-10-10,40,27.29
P0012,2025-10-11,34,27.57
P0012,2025-10-12,24,27.14
P0012,2025-10-13,31,29.0
P0012,2025-10-14,19,27.86
P0012,2025-10-15,23,26.86
P0012,2025-10-16,32,29.0
P0012,2025-10-17,27,27.14
P0012,2025-10-18,33,27.0
P0012,2025-10-19,37,28.86
P0012,2025-10-20,29,28.57
P0012,2025-10-21,23,29.14
P0012,2025-10-22,30,30.14
P0012,2025-10-23,23,28.86
P0012,2025-10-24,34,29.86
P0012,2025-10-25,40,30.86
P0012,2025-10-26,27,29.43
P0012,2025-10-27,27,29.14
P0012,2025-10-28,27,29.71
P0012,2025-10-29,22,28.57
P0012,2025-10-30,32,29.86
P0012,2025-10-31,26,28.71
P0012,2025-11-01,59,31.43
P0012,2025-11-02,58,35.86
P0012,2025-11-03,43,38.14
P0012,2025-11-04,48,41.14
P0012,2025-11-05,40,43.71
P0012,2025-11-06,32,43.71
P0012,2025-11-07,60,48.57
P0012,2025-11-08,41,46.0
P0012,2025-11-09,26,41.43
P0012,2025-11-10,66,44.71
P0012,2025-11-11,43,44.0
P0012,2025-11-12,35,43.29
P0012,2025-11-13,39,44.29
P0012,2025-11-14,49,42.71
P0012,2025-11-15,43,43.0
P0012,2025-11-16,41,45.14
P0012,2025-11-17,28,39.71
P0012,2025-11-18,41,39.43
P0012,2025-11-19,45,40.86
P0012,2025-11-20,46,41.86
P0012,2025-11-21,52,42.29
P0012,2025-11-22,41,42.0
P0012,2025-11-23,48,43.0
P0012,2025-11-24,29,43.14
P0012,2025-11-25,28,41.29
P0012,2025-11-26,52,42.29
P0012,2025-11-27,48,42.57
P0012,2025-11-28,55,43.0
P0012,2025-11-29,42,43.14
P0012,2025-11-30,48,43.14
P0012,2025-12-01,32,43.57
P0012,2025-12-02,46,46.14
P0012,2025-12-03,41,44.57
P0012,2025-12-04,47,44.43
P0012,2025-12-05,52,44.0
P0012,2025-12-06,42,44.0
P0012,2025-12-07,50,44.29
P0012,2025-12-08,35,44.71
P0012,2025-12-09,38,43.57
P0012,2025-12-10,37,43.0
P0012,2025-12-11,42,42.29
P0012,2025-12-12,43,41.0
P0012,2025-12-13,34,39.86
P0012,2025-12-14,48,39.57
P0012,2025-12-15,37,39.86
P0012,2025-12-16,40,40.14
P0012,2025-12-17,44,41.14
P0012,2025-12-18,30,39.43
P0012,2025-12-19,59,41.71
P0012,2025-12-20,51,44.14
P0012,2025-12-21,50,44.43
P0012,2025-12-22,33,43.86
P0012,2025-12-23,28,42.14
P0012,2025-12-24,26,39.57
P0012,2025-12-25,48,42.14
P0012,2025-12-26,55,41.57
P0012,2025-12-27,51,41.57
P0012,2025-12-28,45,40.86
P0012,2025-12-29,35,41.14
P0012,2025-12-30,49,44.14
P0012,2025-12-31,40,46.14
P0012,2026-01-01,13,41.14
P0012,2026-01-02,25,36.86
P0012,2026-01-03,29,33.71
P0012,2026-01-04,23,30.57
P0012,2026-01-05,24,29.0
P0012,2026-01-06,14,24.0
P0012,2026-01-07,21,21.29
P0012,2026-01-08,22,22.57
P0012,2026-01-09,31,23.43
P0012,2026-01-10,39,24.86
P0012,2026-01-11,35,26.57
P0012,2026-01-12,13,25.0
P0012,2026-01-13,19,25.71
P0012,2026-01-14,21,25.71
P0012,2026-01-15,29,26.71
P0012,2026-01-16,29,26.43
P0012,2026-01-17,20,23.71
P0012,2026-01-18,29,22.86
P0012,2026-01-19,24,24.43
P0012,2026-01-20,26,25.43
P0012,2026-01-21,17,24.86
P0012,2026-01-22,22,23.86
P0012,2026-01-23,28,23.71
P0012,2026-01-24,24,24.29
P0012,2026-01-25,35,25.14
P0012,2026-01-26,23,25.0
P0012,2026-01-27,23,24.57
P0012,2026-01-28,18,24.71
P0012,2026-01-29,14,23.57
P0012,2026-01-30,22,22.71
P0012,2026-01-31,27,23.14
P0012,2026-02-01,22,21.29
P0012,2026-02-02,20,20.86
P0012,2026-02-03,25,21.14
P0012,2026-02-04,22,21.71
P0012,2026-02-05,24,23.14
P0012,2026-02-06,25,23.57
P0012,2026-02-07,29,23.86
P0012,2026-02-08,26,24.43
P0012,2026-02-09,23,24.86
P0012,2026-02-10,31,25.71
P0012,2026-02-11,28,26.57
P0012,2026-02-12,15,25.29
P0012,2026-02-13,24,25.14
P0012,2026-02-14,32,25.57
P0012,2026-02-15,28,25.86
P0012,2026-02-16,23,25.86
P0012,2026-02-17,25,25.0
P0012,2026-02-18,27,24.86
P0012,2026-02-19,18,25.29
P0012,2026-02-20,17,24.29
P0012,2026-02-21,33,24.43
P0012,2026-02-22,33,25.14
P0012,2026-02-23,30,26.14
P0012,2026-02-24,15,24.71
P0012,2026-02-25,31,25.29
P0012,2026-02-26,17,25.14
P0012,2026-02-27,27,26.57
P0012,2026-02-28,41,27.71
P0012,2026-03-01,35,28.0
P0012,2026-03-02,30,28.0
P0012,2026-03-03,19,28.57
P0012,2026-03-04,23,27.43
P0012,2026-03-05,22,28.14
P0012,2026-03-06,41,30.14
P0012,2026-03-07,38,29.71
P0012,2026-03-08,32,29.29
P0012,2026-03-09,27,28.86
P0012,2026-03-10,24,29.57
P0012,2026-03-11,16,28.57
P0012,2026-03-12,29,29.57
P0012,2026-03-13,24,27.14
P0012,2026-03-14,34,26.57
P0012,2026-03-15,31,26.43
P0012,2026-03-16,27,26.43
P0012,2026-03-17,30,27.29
P0012,2026-03-18,28,29.0
P0012,2026-03-19,23,28.14
P0012,2026-03-20,35,29.71
P0012,2026-03-21,27,28.71
P0012,2026-03-22,32,28.86
P0012,2026-03-23,28,29.0
P0012,2026-03-24,26,28.43
P0012,2026-03-25,25,28.0
P0012,2026-03-26,39,30.29
P0012,2026-03-27,31,29.71
P0012,2026-03-28,29,30.0
P0012,2026-03-29,28,29.43
P0012,2026-03-30,27,29.29
P0012,2026-03-31,27,29.43
P0012,2026-04-01,32,30.43
P0012,2026-04-02,20,27.71
P0012,2026-04-03,28,27.29
P0012,2026-04-04,43,29.29
P0012,2026-04-05,32,29.86
P0012,2026-04-06,23,29.29
P0012,2026-04-07,24,28.86
P0012,2026-04-08,30,28.57
P0012,2026-04-09,36,30.86
P0012,2026-04-10,35,31.86
P0012,2026-04-11,30,30.0
P0012,2026-04-12,42,31.43
P0012,2026-04-13,28,32.14
P0012,2026-04-14,24,32.14
P0012,2026-04-15,27,31.71
P0012,2026-04-16,34,31.43
P0012,2026-04-17,25,30.0
P0012,2026-04-18,41,31.57
P0012,2026-04-19,36,30.71
P0012,2026-04-20,25,30.29
P0012,2026-04-21,29,31.0
P0012,2026-04-22,34,32.0
P0012,2026-04-23,30,31.43
P0012,2026-04-24,35,32.86
P0012,2026-04-25,20,29.86
P0012,2026-04-26,35,29.71
P0012,2026-04-27,28,30.14
P0012,2026-04-28,24,29.43
P0012,2026-04-29,23,27.86
P0012,2026-04-30,25,27.14
P0012,2026-05-01,32,26.71
P0012,2026-05-02,37,29.14
P0012,2026-05-03,31,28.57
P0012,2026-05-04,25,28.14
P0012,2026-05-05,31,29.14
P0012,2026-05-06,21,28.86
P0012,2026-05-07,27,29.14
P0012,2026-05-08,24,28.0
P0012,2026-05-09,36,27.86
P0012,2026-05-10,31,27.86
P0012,2026-05-11,21,27.29
P0012,2026-05-12,26,26.57
P0012,2026-05-13,28,27.57
P0012,2026-05-14,28,27.71
P0012,2026-05-15,34,29.14
P0012,2026-05-16,33,28.71
P0012,2026-05-17,34,29.14
P0012,2026-05-18,25,29.71
P0012,2026-05-19,37,31.29
P0012,2026-05-20,28,31.29
P0012,2026-05-21,24,30.71
P0012,2026-05-22,39,31.43
P0012,2026-05-23,25,30.29
P0012,2026-05-24,43,31.57
P0012,2026-05-25,27,31.86
P0012,2026-05-26,33,31.29
P0012,2026-05-27,32,31.86
P0012,2026-05-28,24,31.86
P0012,2026-05-29,35,31.29
P0012,2026-05-30,41,33.57
P0012,2026-05-31,25,31.0
P0012,2026-06-01,19,29.86
P0012,2026-06-02,36,30.29
P0012,2026-06-03,31,30.14
P0012,2026-06-04,26,30.43
P0012,2026-06-05,36,30.57
P0012,2026-06-06,35,29.71
P0012,2026-06-07,41,32.0
P0012,2026-06-08,25,32.86
P0012,2026-06-09,27,31.57
P0012,2026-06-10,27,31.0
P0012,2026-06-11,25,30.86
P0012,2026-06-12,30,30.0
P0012,2026-06-13,26,28.71
P0012,2026-06-14,29,27.0
P0012,2026-06-15,30,27.71
P0012,2026-06-16,31,28.29
P0012,2026-06-17,24,27.86
P0012,2026-06-18,20,27.14
P0012,2026-06-19,33,27.57
P0012,2026-06-20,33,28.57
P0012,2026-06-21,37,29.71
P0012,2026-06-22,32,30.0
P0012,2026-06-23,21,28.57
P0012,2026-06-24,22,28.29
P0012,2026-06-25,22,28.57
P0012,2026-06-26,36,29.0
P0012,2026-06-27,33,29.0
P0012,2026-06-28,25,27.29
P0012,2026-06-29,34,27.57
P0012,2026-06-30,24,28.0
P0012,2026-07-01,27,28.71
P0012,2026-07-02,27,29.43
P0012,2026-07-03,31,28.71
P0012,2026-07-04,35,29.0
P0012,2026-07-05,25,29.0
P0012,2026-07-06,28,28.14
P0012,2026-07-07,27,28.57
P0012,2026-07-08,22,27.86
P0012,2026-07-09,21,27.0
P0012,2026-07-10,31,27.0
P0012,2026-07-11,31,26.43
P0012,2026-07-12,26,26.57
P0012,2026-07-13,22,25.71
P0012,2026-07-14,29,26.0
P0012,2026-07-15,27,26.71
P0012,2026-07-16,34,28.57
P0012,2026-07-17,34,29.0
P0012,2026-07-18,26,28.29
P0012,2026-07-19,35,29.57
P0012,2026-07-20,21,29.43
P0012,2026-07-21,28,29.29
P0012,2026-07-22,17,27.86
P0012,2026-07-23,28,27.0
P0012,2026-07-24,37,27.43
P0012,2026-07-25,33,28.43
P0013,2025-07-26,82,82.0
P0013,2025-07-27,95,88.5
P0013,2025-07-28,81,86.0
P0013,2025-07-29,80,84.5
P0013,2025-07-30,75,82.6
P0013,2025-07-31,60,78.83
P0013,2025-08-01,97,81.43
P0013,2025-08-02,78,80.86
P0013,2025-08-03,92,80.43
P0013,2025-08-04,80,80.29
P0013,2025-08-05,71,79.0
P0013,2025-08-06,82,80.0
P0013,2025-08-07,60,80.0
P0013,2025-08-08,78,77.29
P0013,2025-08-09,77,77.14
P0013,2025-08-10,78,75.14
P0013,2025-08-11,72,74.0
P0013,2025-08-12,62,72.71
P0013,2025-08-13,73,71.43
P0013,2025-08-14,75,73.57
P0013,2025-08-15,76,73.29
P0013,2025-08-16,79,73.57
P0013,2025-08-17,65,71.71
P0013,2025-08-18,85,73.57
P0013,2025-08-19,82,76.43
P0013,2025-08-20,75,76.71
P0013,2025-08-21,74,76.57
P0013,2025-08-22,77,76.71
P0013,2025-08-23,86,77.71
P0013,2025-08-24,70,78.43
P0013,2025-08-25,73,76.71
P0013,2025-08-26,83,76.86
P0013,2025-08-27,68,75.86
P0013,2025-08-28,66,74.71
P0013,2025-08-29,104,78.57
P0013,2025-08-30,78,77.43
P0013,2025-08-31,82,79.14
P0013,2025-09-01,81,80.29
P0013,2025-09-02,58,76.71
P0013,2025-09-03,70,77.0
P0013,2025-09-04,66,77.0
P0013,2025-09-05,74,72.71
P0013,2025-09-06,76,72.43
P0013,2025-09-07,94,74.14
P0013,2025-09-08,67,72.14
P0013,2025-09-09,59,72.29
P0013,2025-09-10,74,72.86
P0013,2025-09-11,84,75.43
P0013,2025-09-12,90,77.71
P0013,2025-09-13,93,80.14
P0013,2025-09-14,98,80.71
P0013,2025-09-15,66,80.57
P0013,2025-09-16,85,84.29
P0013,2025-09-17,72,84.0
P0013,2025-09-18,54,79.71
P0013,2025-09-19,80,78.29
P0013,2025-09-20,89,77.71
P0013,2025-09-21,100,78.0
P0013,2025-09-22,83,80.43
P0013,2025-09-23,65,77.57
P0013,2025-09-24,76,78.14
P0013,2025-09-25,75,81.14
P0013,2025-09-26,83,81.57
P0013,2025-09-27,91,81.86
P0013,2025-09-28,90,80.43
P0013,2025-09-29,67,78.14
P0013,2025-09-30,70,78.86
P0013,2025-10-01,65,77.29
P0013,2025-10-02,68,76.29
P0013,2025-10-03,92,77.57
P0013,2025-10-04,75,75.29
P0013,2025-10-05,75,73.14
P0013,2025-10-06,81,75.14
P0013,2025-10-07,66,74.57
P0013,2025-10-08,69,75.14
P0013,2025-10-09,69,75.29
P0013,2025-10-10,94,75.57
P0013,2025-10-11,94,78.29
P0013,2025-10-12,86,79.86
P0013,2025-10-13,87,80.71
P0013,2025-10-14,63,80.29
P0013,2025-10-15,62,79.29
P0013,2025-10-16,81,81.0
P0013,2025-10-17,90,80.43
P0013,2025-10-18,91,80.0
P0013,2025-10-19,85,79.86
P0013,2025-10-20,72,77.71
P0013,2025-10-21,57,76.86
P0013,2025-10-22,74,78.57
P0013,2025-10-23,80,78.43
P0013,2025-10-24,97,79.43
P0013,2025-10-25,86,78.71
P0013,2025-10-26,86,78.86
P0013,2025-10-27,66,78.0
P0013,2025-10-28,78,81.0
P0013,2025-10-29,77,81.43
P0013,2025-10-30,71,80.14
P0013,2025-10-31,91,79.29
P0013,2025-11-01,135,86.29
P0013,2025-11-02,145,94.71
P0013,2025-11-03,125,103.14
P0013,2025-11-04,122,109.43
P0013,2025-11-05,100,112.71
P0013,2025-11-06,121,119.86
P0013,2025-11-07,142,127.14
P0013,2025-11-08,132,126.71
P0013,2025-11-09,141,126.14
P0013,2025-11-10,119,125.29
P0013,2025-11-11,104,122.71
P0013,2025-11-12,108,123.86
P0013,2025-11-13,93,119.86
P0013,2025-11-14,144,120.14
P0013,2025-11-15,128,119.57
P0013,2025-11-16,137,119.0
P0013,2025-11-17,95,115.57
P0013,2025-11-18,88,113.29
P0013,2025-11-19,88,110.43
P0013,2025-11-20,108,112.57
P0013,2025-11-21,125,109.86
P0013,2025-11-22,133,110.57
P0013,2025-11-23,120,108.14
P0013,2025-11-24,110,110.29
P0013,2025-11-25,116,114.29
P0013,2025-11-26,95,115.29
P0013,2025-11-27,118,116.71
P0013,2025-11-28,134,118.0
P0013,2025-11-29,121,116.29
P0013,2025-11-30,139,119.0
P0013,2025-12-01,98,117.29
P0013,2025-12-02,88,113.29
P0013,2025-12-03,104,114.57
P0013,2025-12-04,109,113.29
P0013,2025-12-05,121,111.43
P0013,2025-12-06,131,112.86
P0013,2025-12-07,132,111.86
P0013,2025-12-08,106,113.0
P0013,2025-12-09,106,115.57
P0013,2025-12-10,119,117.71
P0013,2025-12-11,100,116.43
P0013,2025-12-12,129,117.57
P0013,2025-12-13,149,120.14
P0013,2025-12-14,143,121.71
P0013,2025-12-15,103,121.29
P0013,2025-12-16,113,122.29
P0013,2025-12-17,126,123.29
P0013,2025-12-18,105,124.0
P0013,2025-12-19,158,128.14
P0013,2025-12-20,146,127.71
P0013,2025-12-21,125,125.14
P0013,2025-12-22,110,126.14
P0013,2025-12-23,102,124.57
P0013,2025-12-24,95,120.14
P0013,2025-12-25,111,121.0
P0013,2025-12-26,115,114.86
P0013,2025-12-27,117,110.71
P0013,2025-12-28,119,109.86
P0013,2025-12-29,105,109.14
P0013,2025-12-30,105,109.57
P0013,2025-12-31,107,111.29
P0013,2026-01-01,53,103.0
P0013,2026-01-02,74,97.14
P0013,2026-01-03,69,90.29
P0013,2026-01-04,68,83.0
P0013,2026-01-05,65,77.29
P0013,2026-01-06,54,70.0
P0013,2026-01-07,50,61.86
P0013,2026-01-08,61,63.0
P0013,2026-01-09,74,63.0
P0013,2026-01-10,81,64.71
P0013,2026-01-11,61,63.71
P0013,2026-01-12,49,61.43
P0013,2026-01-13,62,62.57
P0013,2026-01-14,65,64.71
P0013,2026-01-15,56,64.0
P0013,2026-01-16,88,66.0
P0013,2026-01-17,75,65.14
P0013,2026-01-18,80,67.86
P0013,2026-01-19,57,69.0
P0013,2026-01-20,72,70.43
P0013,2026-01-21,58,69.43
P0013,2026-01-22,56,69.43
P0013,2026-01-23,68,66.57
P0013,2026-01-24,81,67.43
P0013,2026-01-25,71,66.14
P0013,2026-01-26,44,64.29
P0013,2026-01-27,62,62.86
P0013,2026-01-28,63,63.57
P0013,2026-01-29,62,64.43
P0013,2026-01-30,70,64.71
P0013,2026-01-31,88,65.71
P0013,2026-02-01,53,63.14
P0013,2026-02-02,65,66.14
P0013,2026-02-03,62,66.14
P0013,2026-02-04,40,62.86
P0013,2026-02-05,60,62.57
P0013,2026-02-06,76,63.43
P0013,2026-02-07,87,63.29
P0013,2026-02-08,64,64.86
P0013,2026-02-09,56,63.57
P0013,2026-02-10,63,63.71
P0013,2026-02-11,52,65.43
P0013,2026-02-12,63,65.86
P0013,2026-02-13,67,64.57
P0013,2026-02-14,76,63.0
P0013,2026-02-15,78,65.0
P0013,2026-02-16,56,65.0
P0013,2026-02-17,52,63.43
P0013,2026-02-18,63,65.0
P0013,2026-02-19,56,64.0
P0013,2026-02-20,55,62.29
P0013,2026-02-21,76,62.29
P0013,2026-02-22,60,59.71
P0013,2026-02-23,42,57.71
P0013,2026-02-24,59,58.71
P0013,2026-02-25,57,57.86
P0013,2026-02-26,52,57.29
P0013,2026-02-27,74,60.0
P0013,2026-02-28,80,60.57
P0013,2026-03-01,87,64.43
P0013,2026-03-02,56,66.43
P0013,2026-03-03,87,70.43
P0013,2026-03-04,79,73.57
P0013,2026-03-05,76,77.0
P0013,2026-03-06,83,78.29
P0013,2026-03-07,88,79.43
P0013,2026-03-08,93,80.29
P0013,2026-03-09,59,80.71
P0013,2026-03-10,57,76.43
P0013,2026-03-11,71,75.29
P0013,2026-03-12,85,76.57
P0013,2026-03-13,83,76.57
P0013,2026-03-14,91,77.0
P0013,2026-03-15,79,75.0
P0013,2026-03-16,78,77.71
P0013,2026-03-17,78,80.71
P0013,2026-03-18,57,78.71
P0013,2026-03-19,70,76.57
P0013,2026-03-20,94,78.14
P0013,2026-03-21,83,77.0
P0013,2026-03-22,81,77.29
P0013,2026-03-23,71,76.29
P0013,2026-03-24,65,74.43
P0013,2026-03-25,68,76.0
P0013,2026-03-26,65,75.29
P0013,2026-03-27,69,71.71
P0013,2026-03-28,88,72.43
P0013,2026-03-29,89,73.57
P0013,2026-03-30,54,71.14
P0013,2026-03-31,68,71.57
P0013,2026-04-01,74,72.43
P0013,2026-04-02,75,73.86
P0013,2026-04-03,100,78.29
P0013,2026-04-04,93,79.0
P0013,2026-04-05,101,80.71
P0013,2026-04-06,85,85.14
P0013,2026-04-07,70,85.43
P0013,2026-04-08,68,84.57
P0013,2026-04-09,72,84.14
P0013,2026-04-10,95,83.43
P0013,2026-04-11,78,81.29
P0013,2026-04-12,85,79.0
P0013,2026-04-13,65,76.14
P0013,2026-04-14,72,76.43
P0013,2026-04-15,55,74.57
P0013,2026-04-16,82,76.0
P0013,2026-04-17,92,75.57
P0013,2026-04-18,94,77.86
P0013,2026-04-19,87,78.14
P0013,2026-04-20,73,79.29
P0013,2026-04-21,59,77.43
P0013,2026-04-22,47,76.29
P0013,2026-04-23,64,73.71
P0013,2026-04-24,91,73.57
P0013,2026-04-25,73,70.57
P0013,2026-04-26,69,68.0
P0013,2026-04-27,63,66.57
P0013,2026-04-28,79,69.43
P0013,2026-04-29,71,72.86
P0013,2026-04-30,72,74.0
P0013,2026-05-01,88,73.57
P0013,2026-05-02,83,75.0
P0013,2026-05-03,87,77.57
P0013,2026-05-04,78,79.71
P0013,2026-05-05,62,77.29
P0013,2026-05-06,77,78.14
P0013,2026-05-07,68,77.57
P0013,2026-05-08,100,79.29
P0013,2026-05-09,89,80.14
P0013,2026-05-10,79,79.0
P0013,2026-05-11,63,76.86
P0013,2026-05-12,58,76.29
P0013,2026-05-13,64,74.43
P0013,2026-05-14,59,73.14
P0013,2026-05-15,90,71.71
P0013,2026-05-16,78,70.14
P0013,2026-05-17,92,72.0
P0013,2026-05-18,62,71.86
P0013,2026-05-19,70,73.57
P0013,2026-05-20,76,75.29
P0013,2026-05-21,59,75.29
P0013,2026-05-22,98,76.43
P0013,2026-05-23,85,77.43
P0013,2026-05-24,90,77.14
P0013,2026-05-25,70,78.29
P0013,2026-05-26,54,76.0
P0013,2026-05-27,65,74.43
P0013,2026-05-28,75,76.71
P0013,2026-05-29,74,73.29
P0013,2026-05-30,86,73.43
P0013,2026-05-31,91,73.57
P0013,2026-06-01,58,71.86
P0013,2026-06-02,72,74.43
P0013,2026-06-03,73,75.57
P0013,2026-06-04,73,75.29
P0013,2026-06-05,86,77.0
P0013,2026-06-06,85,76.86
P0013,2026-06-07,77,74.86
P0013,2026-06-08,60,75.14
P0013,2026-06-09,80,76.29
P0013,2026-06-10,54,73.57
P0013,2026-06-11,74,73.71
P0013,2026-06-12,78,72.57
P0013,2026-06-13,87,72.86
P0013,2026-06-14,86,74.14
P0013,2026-06-15,65,74.86
P0013,2026-06-16,62,72.29
P0013,2026-06-17,67,74.14
P0013,2026-06-18,79,74.86
P0013,2026-06-19,75,74.43
P0013,2026-06-20,86,74.29
P0013,2026-06-21,94,75.43
P0013,2026-06-22,65,75.43
P0013,2026-06-23,63,75.57
P0013,2026-06-24,71,76.14
P0013,2026-06-25,67,74.43
P0013,2026-06-26,89,76.43
P0013,2026-06-27,77,75.14
P0013,2026-06-28,91,74.71
P0013,2026-06-29,73,75.86
P0013,2026-06-30,63,75.86
P0013,2026-07-01,72,76.0
P0013,2026-07-02,76,77.29
P0013,2026-07-03,90,77.43
P0013,2026-07-04,85,78.57
P0013,2026-07-05,68,75.29
P0013,2026-07-06,62,73.71
P0013,2026-07-07,81,76.29
P0013,2026-07-08,65,75.29
P0013,2026-07-09,65,73.71
P0013,2026-07-10,76,71.71
P0013,2026-07-11,92,72.71
P0013,2026-07-12,96,76.71
P0013,2026-07-13,72,78.14
P0013,2026-07-14,81,78.14
P0013,2026-07-15,79,80.14
P0013,2026-07-16,73,81.29
P0013,2026-07-17,77,81.43
P0013,2026-07-18,90,81.14
P0013,2026-07-19,74,78.0
P0013,2026-07-20,58,76.0
P0013,2026-07-21,61,73.14
P0013,2026-07-22,58,70.14
P0013,2026-07-23,73,70.14
P0013,2026-07-24,101,73.57
P0013,2026-07-25,82,72.43
P0014,2025-07-26,89,89.0
P0014,2025-07-27,79,84.0
P0014,2025-07-28,49,72.33
P0014,2025-07-29,64,70.25
P0014,2025-07-30,52,66.6
P0014,2025-07-31,60,65.5
P0014,2025-08-01,65,65.43
P0014,2025-08-02,61,61.43
P0014,2025-08-03,81,61.71
P0014,2025-08-04,45,61.14
P0014,2025-08-05,65,61.29
P0014,2025-08-06,53,61.43
P0014,2025-08-07,59,61.29
P0014,2025-08-08,64,61.14
P0014,2025-08-09,63,61.43
P0014,2025-08-10,73,60.29
P0014,2025-08-11,54,61.57
P0014,2025-08-12,59,60.71
P0014,2025-08-13,52,60.57
P0014,2025-08-14,59,60.57
P0014,2025-08-15,68,61.14
P0014,2025-08-16,73,62.57
P0014,2025-08-17,86,64.43
P0014,2025-08-18,56,64.71
P0014,2025-08-19,57,64.43
P0014,2025-08-20,71,67.14
P0014,2025-08-21,57,66.86
P0014,2025-08-22,67,66.71
P0014,2025-08-23,86,68.57
P0014,2025-08-24,70,66.29
P0014,2025-08-25,41,64.14
P0014,2025-08-26,70,66.0
P0014,2025-08-27,58,64.14
P0014,2025-08-28,80,67.43
P0014,2025-08-29,77,68.86
P0014,2025-08-30,59,65.0
P0014,2025-08-31,86,67.29
P0014,2025-09-01,62,70.29
P0014,2025-09-02,49,67.29
P0014,2025-09-03,61,67.71
P0014,2025-09-04,48,63.14
P0014,2025-09-05,83,64.0
P0014,2025-09-06,67,65.14
P0014,2025-09-07,62,61.71
P0014,2025-09-08,47,59.57
P0014,2025-09-09,63,61.57
P0014,2025-09-10,63,61.86
P0014,2025-09-11,46,61.57
P0014,2025-09-12,73,60.14
P0014,2025-09-13,67,60.14
P0014,2025-09-14,75,62.0
P0014,2025-09-15,61,64.0
P0014,2025-09-16,70,65.0
P0014,2025-09-17,78,67.14
P0014,2025-09-18,55,68.43
P0014,2025-09-19,65,67.29
P0014,2025-09-20,74,68.29
P0014,2025-09-21,73,68.0
P0014,2025-09-22,45,65.71
P0014,2025-09-23,74,66.29
P0014,2025-09-24,61,63.86
P0014,2025-09-25,60,64.57
P0014,2025-09-26,51,62.57
P0014,2025-09-27,75,62.71
P0014,2025-09-28,71,62.43
P0014,2025-09-29,42,62.0
P0014,2025-09-30,51,58.71
P0014,2025-10-01,44,56.29
P0014,2025-10-02,57,55.86
P0014,2025-10-03,65,57.86
P0014,2025-10-04,73,57.57
P0014,2025-10-05,89,60.14
P0014,2025-10-06,54,61.86
P0014,2025-10-07,60,63.14
P0014,2025-10-08,57,65.0
P0014,2025-10-09,50,64.0
P0014,2025-10-10,71,64.86
P0014,2025-10-11,76,65.29
P0014,2025-10-12,77,63.57
P0014,2025-10-13,63,64.86
P0014,2025-10-14,67,65.86
P0014,2025-10-15,59,66.14
P0014,2025-10-16,53,66.57
P0014,2025-10-17,90,69.29
P0014,2025-10-18,63,67.43
P0014,2025-10-19,66,65.86
P0014,2025-10-20,53,64.43
P0014,2025-10-21,51,62.14
P0014,2025-10-22,66,63.14
P0014,2025-10-23,55,63.43
P0014,2025-10-24,71,60.71
P0014,2025-10-25,73,62.14
P0014,2025-10-26,77,63.71
P0014,2025-10-27,53,63.71
P0014,2025-10-28,65,65.71
P0014,2025-10-29,61,65.0
P0014,2025-10-30,56,65.14
P0014,2025-10-31,75,65.71
P0014,2025-11-01,89,68.0
P0014,2025-11-02,97,70.86
P0014,2025-11-03,75,74.0
P0014,2025-11-04,100,79.0
P0014,2025-11-05,86,82.57
P0014,2025-11-06,80,86.0
P0014,2025-11-07,93,88.57
P0014,2025-11-08,82,87.57
P0014,2025-11-09,62,82.57
P0014,2025-11-10,58,80.14
P0014,2025-11-11,58,74.14
P0014,2025-11-12,69,71.71
P0014,2025-11-13,84,72.29
P0014,2025-11-14,93,72.29
P0014,2025-11-15,96,74.29
P0014,2025-11-16,73,75.86
P0014,2025-11-17,58,75.86
P0014,2025-11-18,67,77.14
P0014,2025-11-19,85,79.43
P0014,2025-11-20,76,78.29
P0014,2025-11-21,90,77.86
P0014,2025-11-22,79,75.43
P0014,2025-11-23,63,74.0
P0014,2025-11-24,70,75.71
P0014,2025-11-25,51,73.43
P0014,2025-11-26,69,71.14
P0014,2025-11-27,77,71.29
P0014,2025-11-28,74,69.0
P0014,2025-11-29,110,73.43
P0014,2025-11-30,69,74.29
P0014,2025-12-01,47,71.0
P0014,2025-12-02,54,71.43
P0014,2025-12-03,44,67.86
P0014,2025-12-04,93,70.14
P0014,2025-12-05,124,77.29
P0014,2025-12-06,108,77.0
P0014,2025-12-07,97,81.0
P0014,2025-12-08,59,82.71
P0014,2025-12-09,35,80.0
P0014,2025-12-10,36,78.86
P0014,2025-12-11,49,72.57
P0014,2025-12-12,76,65.71
P0014,2025-12-13,79,61.57
P0014,2025-12-14,101,62.14
P0014,2025-12-15,71,63.86
P0014,2025-12-16,72,69.14
P0014,2025-12-17,57,72.14
P0014,2025-12-18,51,72.43
P0014,2025-12-19,112,77.57
P0014,2025-12-20,113,82.43
P0014,2025-12-21,88,80.57
P0014,2025-12-22,74,81.0
P0014,2025-12-23,70,80.71
P0014,2025-12-24,73,83.0
P0014,2025-12-25,60,84.29
P0014,2025-12-26,72,78.57
P0014,2025-12-27,81,74.0
P0014,2025-12-28,80,72.86
P0014,2025-12-29,60,70.86
P0014,2025-12-30,50,68.0
P0014,2025-12-31,56,65.57
P0014,2026-01-01,25,60.57
P0014,2026-01-02,37,55.57
P0014,2026-01-03,48,50.86
P0014,2026-01-04,51,46.71
P0014,2026-01-05,64,47.29
P0014,2026-01-06,56,48.14
P0014,2026-01-07,42,46.14
P0014,2026-01-08,34,47.43
P0014,2026-01-09,53,49.71
P0014,2026-01-10,51,50.14
P0014,2026-01-11,65,52.14
P0014,2026-01-12,41,48.86
P0014,2026-01-13,40,46.57
P0014,2026-01-14,63,49.57
P0014,2026-01-15,53,52.29
P0014,2026-01-16,50,51.86
P0014,2026-01-17,60,53.14
P0014,2026-01-18,56,51.86
P0014,2026-01-19,52,53.43
P0014,2026-01-20,40,53.43
P0014,2026-01-21,48,51.29
P0014,2026-01-22,56,51.71
P0014,2026-01-23,63,53.57
P0014,2026-01-24,57,53.14
P0014,2026-01-25,70,55.14
P0014,2026-01-26,45,54.14
P0014,2026-01-27,64,57.57
P0014,2026-01-28,38,56.14
P0014,2026-01-29,45,54.57
P0014,2026-01-30,66,55.0
P0014,2026-01-31,52,54.29
P0014,2026-02-01,68,54.0
P0014,2026-02-02,44,53.86
P0014,2026-02-03,50,51.86
P0014,2026-02-04,46,53.0
P0014,2026-02-05,55,54.43
P0014,2026-02-06,68,54.71
P0014,2026-02-07,62,56.14
P0014,2026-02-08,52,53.86
P0014,2026-02-09,54,55.29
P0014,2026-02-10,57,56.29
P0014,2026-02-11,37,55.0
P0014,2026-02-12,59,55.57
P0014,2026-02-13,55,53.71
P0014,2026-02-14,53,52.43
P0014,2026-02-15,57,53.14
P0014,2026-02-16,37,50.71
P0014,2026-02-17,41,48.43
P0014,2026-02-18,48,50.0
P0014,2026-02-19,49,48.57
P0014,2026-02-20,63,49.71
P0014,2026-02-21,54,49.86
P0014,2026-02-22,54,49.43
P0014,2026-02-23,64,53.29
P0014,2026-02-24,37,52.71
P0014,2026-02-25,35,50.86
P0014,2026-02-26,34,48.71
P0014,2026-02-27,60,48.29
P0014,2026-02-28,59,49.0
P0014,2026-03-01,70,51.29
P0014,2026-03-02,52,49.57
P0014,2026-03-03,59,52.71
P0014,2026-03-04,46,54.29
P0014,2026-03-05,54,57.14
P0014,2026-03-06,86,60.86
P0014,2026-03-07,69,62.29
P0014,2026-03-08,64,61.43
P0014,2026-03-09,54,61.71
P0014,2026-03-10,53,60.86
P0014,2026-03-11,60,62.86
P0014,2026-03-12,51,62.43
P0014,2026-03-13,71,60.29
P0014,2026-03-14,88,63.0
P0014,2026-03-15,67,63.43
P0014,2026-03-16,58,64.0
P0014,2026-03-17,60,65.0
P0014,2026-03-18,46,63.0
P0014,2026-03-19,57,63.86
P0014,2026-03-20,77,64.71
P0014,2026-03-21,54,59.86
P0014,2026-03-22,82,62.0
P0014,2026-03-23,61,62.43
P0014,2026-03-24,60,62.43
P0014,2026-03-25,75,66.57
P0014,2026-03-26,51,65.71
P0014,2026-03-27,89,67.43
P0014,2026-03-28,87,72.14
P0014,2026-03-29,66,69.86
P0014,2026-03-30,43,67.29
P0014,2026-03-31,47,65.43
P0014,2026-04-01,68,64.43
P0014,2026-04-02,53,64.71
P0014,2026-04-03,59,60.43
P0014,2026-04-04,67,57.57
P0014,2026-04-05,66,57.57
P0014,2026-04-06,74,62.0
P0014,2026-04-07,42,61.29
P0014,2026-04-08,65,60.86
P0014,2026-04-09,46,59.86
P0014,2026-04-10,65,60.71
P0014,2026-04-11,74,61.71
P0014,2026-04-12,60,60.86
P0014,2026-04-13,62,59.14
P0014,2026-04-14,64,62.29
P0014,2026-04-15,57,61.14
P0014,2026-04-16,53,62.14
P0014,2026-04-17,68,62.57
P0014,2026-04-18,74,62.57
P0014,2026-04-19,63,63.0
P0014,2026-04-20,55,62.0
P0014,2026-04-21,48,59.71
P0014,2026-04-22,45,58.0
P0014,2026-04-23,60,59.0
P0014,2026-04-24,80,60.71
P0014,2026-04-25,63,59.14
P0014,2026-04-26,65,59.43
P0014,2026-04-27,55,59.43
P0014,2026-04-28,50,59.71
P0014,2026-04-29,70,63.29
P0014,2026-04-30,53,62.29
P0014,2026-05-01,68,60.57
P0014,2026-05-02,67,61.14
P0014,2026-05-03,70,61.86
P0014,2026-05-04,64,63.14
P0014,2026-05-05,55,63.86
P0014,2026-05-06,54,61.57
P0014,2026-05-07,60,62.57
P0014,2026-05-08,87,65.29
P0014,2026-05-09,88,68.29
P0014,2026-05-10,62,67.14
P0014,2026-05-11,54,65.71
P0014,2026-05-12,50,65.0
P0014,2026-05-13,60,65.86
P0014,2026-05-14,45,63.71
P0014,2026-05-15,70,61.29
P0014,2026-05-16,67,58.29
P0014,2026-05-17,65,58.71
P0014,2026-05-18,65,60.29
P0014,2026-05-19,43,59.29
P0014,2026-05-20,73,61.14
P0014,2026-05-21,63,63.71
P0014,2026-05-22,71,63.86
P0014,2026-05-23,77,65.29
P0014,2026-05-24,78,67.14
P0014,2026-05-25,50,65.0
P0014,2026-05-26,56,66.86
P0014,2026-05-27,64,65.57
P0014,2026-05-28,64,65.71
P0014,2026-05-29,58,63.86
P0014,2026-05-30,79,64.14
P0014,2026-05-31,84,65.0
P0014,2026-06-01,55,65.71
P0014,2026-06-02,50,64.86
P0014,2026-06-03,53,63.29
P0014,2026-06-04,61,62.86
P0014,2026-06-05,60,63.14
P0014,2026-06-06,71,62.0
P0014,2026-06-07,77,61.0
P0014,2026-06-08,49,60.14
P0014,2026-06-09,73,63.43
P0014,2026-06-10,46,62.43
P0014,2026-06-11,64,62.86
P0014,2026-06-12,67,63.86
P0014,2026-06-13,63,62.71
P0014,2026-06-14,69,61.57
P0014,2026-06-15,58,62.86
P0014,2026-06-16,42,58.43
P0014,2026-06-17,51,59.14
P0014,2026-06-18,67,59.57
P0014,2026-06-19,60,58.57
P0014,2026-06-20,75,60.29
P0014,2026-06-21,65,59.71
P0014,2026-06-22,64,60.57
P0014,2026-06-23,61,63.29
P0014,2026-06-24,68,65.71
P0014,2026-06-25,53,63.71
P0014,2026-06-26,63,64.14
P0014,2026-06-27,72,63.71
P0014,2026-06-28,82,66.14
P0014,2026-06-29,62,65.86
P0014,2026-06-30,68,66.86
P0014,2026-07-01,53,64.71
P0014,2026-07-02,52,64.57
P0014,2026-07-03,58,63.86
P0014,2026-07-04,68,63.29
P0014,2026-07-05,66,61.0
P0014,2026-07-06,59,60.57
P0014,2026-07-07,52,58.29
P0014,2026-07-08,71,60.86
P0014,2026-07-09,53,61.0
P0014,2026-07-10,62,61.57
P0014,2026-07-11,81,63.43
P0014,2026-07-12,71,64.14
P0014,2026-07-13,59,64.14
P0014,2026-07-14,60,65.29
P0014,2026-07-15,69,65.0
P0014,2026-07-16,65,66.71
P0014,2026-07-17,71,68.0
P0014,2026-07-18,73,66.86
P0014,2026-07-19,93,70.0
P0014,2026-07-20,61,70.29
P0014,2026-07-21,60,70.29
P0014,2026-07-22,62,69.29
P0014,2026-07-23,67,69.57
P0014,2026-07-24,69,69.29
P0014,2026-07-25,61,67.57
P0015,2025-07-26,80,80.0
P0015,2025-07-27,77,78.5
P0015,2025-07-28,69,75.33
P0015,2025-07-29,62,72.0
P0015,2025-07-30,60,69.6
P0015,2025-07-31,61,68.17
P0015,2025-08-01,79,69.71
P0015,2025-08-02,96,72.0
P0015,2025-08-03,99,75.14
P0015,2025-08-04,54,73.0
P0015,2025-08-05,64,73.29
P0015,2025-08-06,67,74.29
P0015,2025-08-07,66,75.0
P0015,2025-08-08,72,74.0
P0015,2025-08-09,78,71.43
P0015,2025-08-10,77,68.29
P0015,2025-08-11,81,72.14
P0015,2025-08-12,72,73.29
P0015,2025-08-13,56,71.71
P0015,2025-08-14,66,71.71
P0015,2025-08-15,97,75.29
P0015,2025-08-16,85,76.29
P0015,2025-08-17,86,77.57
P0015,2025-08-18,66,75.43
P0015,2025-08-19,51,72.43
P0015,2025-08-20,43,70.57
P0015,2025-08-21,69,71.0
P0015,2025-08-22,85,69.29
P0015,2025-08-23,82,68.86
P0015,2025-08-24,69,66.43
P0015,2025-08-25,68,66.71
P0015,2025-08-26,64,68.57
P0015,2025-08-27,65,71.71
P0015,2025-08-28,58,70.14
P0015,2025-08-29,69,67.86
P0015,2025-08-30,72,66.43
P0015,2025-08-31,70,66.57
P0015,2025-09-01,51,64.14
P0015,2025-09-02,66,64.43
P0015,2025-09-03,67,64.71
P0015,2025-09-04,68,66.14
P0015,2025-09-05,87,68.71
P0015,2025-09-06,71,68.57
P0015,2025-09-07,86,70.86
P0015,2025-09-08,61,72.29
P0015,2025-09-09,54,70.57
P0015,2025-09-10,61,69.71
P0015,2025-09-11,47,66.71
P0015,2025-09-12,70,64.29
P0015,2025-09-13,77,65.14
P0015,2025-09-14,88,65.43
P0015,2025-09-15,60,65.29
P0015,2025-09-16,59,66.0
P0015,2025-09-17,67,66.86
P0015,2025-09-18,70,70.14
P0015,2025-09-19,75,70.86
P0015,2025-09-20,75,70.57
P0015,2025-09-21,74,68.57
P0015,2025-09-22,71,70.14
P0015,2025-09-23,80,73.14
P0015,2025-09-24,58,71.86
P0015,2025-09-25,75,72.57
P0015,2025-09-26,88,74.43
P0015,2025-09-27,88,76.29
P0015,2025-09-28,99,79.86
P0015,2025-09-29,49,76.71
P0015,2025-09-30,65,74.57
P0015,2025-10-01,74,76.86
P0015,2025-10-02,66,75.57
P0015,2025-10-03,85,75.14
P0015,2025-10-04,90,75.43
P0015,2025-10-05,82,73.0
P0015,2025-10-06,71,76.14
P0015,2025-10-07,82,78.57
P0015,2025-10-08,79,79.29
P0015,2025-10-09,65,79.14
P0015,2025-10-10,78,78.14
P0015,2025-10-11,80,76.71
P0015,2025-10-12,75,75.71
P0015,2025-10-13,48,72.43
P0015,2025-10-14,66,70.14
P0015,2025-10-15,62,67.71
P0015,2025-10-16,77,69.43
P0015,2025-10-17,84,70.29
P0015,2025-10-18,76,69.71
P0015,2025-10-19,72,69.29
P0015,2025-10-20,61,71.14
P0015,2025-10-21,71,71.86
P0015,2025-10-22,73,73.43
P0015,2025-10-23,65,71.71
P0015,2025-10-24,78,70.86
P0015,2025-10-25,91,73.0
P0015,2025-10-26,81,74.29
P0015,2025-10-27,78,76.71
P0015,2025-10-28,63,75.57
P0015,2025-10-29,55,73.0
P0015,2025-10-30,80,75.14
P0015,2025-10-31,89,76.71
P0015,2025-11-01,143,84.14
P0015,2025-11-02,136,92.0
P0015,2025-11-03,103,95.57
P0015,2025-11-04,103,101.29
P0015,2025-11-05,104,108.29
P0015,2025-11-06,109,112.43
P0015,2025-11-07,138,119.43
P0015,2025-11-08,131,117.71
P0015,2025-11-09,130,116.86
P0015,2025-11-10,104,117.0
P0015,2025-11-11,92,115.43
P0015,2025-11-12,107,115.86
P0015,2025-11-13,111,116.14
P0015,2025-11-14,132,115.29
P0015,2025-11-15,122,114.0
P0015,2025-11-16,104,110.29
P0015,2025-11-17,96,109.14
P0015,2025-11-18,100,110.29
P0015,2025-11-19,83,106.86
P0015,2025-11-20,111,106.86
P0015,2025-11-21,141,108.14
P0015,2025-11-22,112,106.71
P0015,2025-11-23,107,107.14
P0015,2025-11-24,119,110.43
P0015,2025-11-25,103,110.86
P0015,2025-11-26,96,112.71
P0015,2025-11-27,104,111.71
P0015,2025-11-28,130,110.14
P0015,2025-11-29,148,115.29
P0015,2025-11-30,126,118.0
P0015,2025-12-01,115,117.43
P0015,2025-12-02,116,119.29
P0015,2025-12-03,95,119.14
P0015,2025-12-04,93,117.57
P0015,2025-12-05,115,115.43
P0015,2025-12-06,126,112.29
P0015,2025-12-07,141,114.43
P0015,2025-12-08,98,112.0
P0015,2025-12-09,100,109.71
P0015,2025-12-10,103,110.86
P0015,2025-12-11,95,111.14
P0015,2025-12-12,129,113.14
P0015,2025-12-13,122,112.57
P0015,2025-12-14,113,108.57
P0015,2025-12-15,101,109.0
P0015,2025-12-16,78,105.86
P0015,2025-12-17,114,107.43
P0015,2025-12-18,106,109.0
P0015,2025-12-19,139,110.43
P0015,2025-12-20,137,112.57
P0015,2025-12-21,141,116.57
P0015,2025-12-22,108,117.57
P0015,2025-12-23,120,123.57
P0015,2025-12-24,94,120.71
P0015,2025-12-25,105,120.57
P0015,2025-12-26,119,117.71
P0015,2025-12-27,122,115.57
P0015,2025-12-28,134,114.57
P0015,2025-12-29,99,113.29
P0015,2025-12-30,99,110.29
P0015,2025-12-31,85,109.0
P0015,2026-01-01,55,101.86
P0015,2026-01-02,46,91.43
P0015,2026-01-03,76,84.86
P0015,2026-01-04,67,75.29
P0015,2026-01-05,48,68.0
P0015,2026-01-06,65,63.14
P0015,2026-01-07,52,58.43
P0015,2026-01-08,49,57.57
P0015,2026-01-09,62,59.86
P0015,2026-01-10,65,58.29
P0015,2026-01-11,73,59.14
P0015,2026-01-12,51,59.57
P0015,2026-01-13,54,58.0
P0015,2026-01-14,55,58.43
P0015,2026-01-15,56,59.43
P0015,2026-01-16,70,60.57
P0015,2026-01-17,64,60.43
P0015,2026-01-18,64,59.14
P0015,2026-01-19,70,61.86
P0015,2026-01-20,62,63.0
P0015,2026-01-21,48,62.0
P0015,2026-01-22,69,63.86
P0015,2026-01-23,66,63.29
P0015,2026-01-24,63,63.14
P0015,2026-01-25,78,65.14
P0015,2026-01-26,55,63.0
P0015,2026-01-27,43,60.29
P0015,2026-01-28,50,60.57
P0015,2026-01-29,48,57.57
P0015,2026-01-30,76,59.0
P0015,2026-01-31,78,61.14
P0015,2026-02-01,71,60.14
P0015,2026-02-02,51,59.57
P0015,2026-02-03,67,63.0
P0015,2026-02-04,48,62.71
P0015,2026-02-05,57,64.0
P0015,2026-02-06,78,64.29
P0015,2026-02-07,75,63.86
P0015,2026-02-08,53,61.29
P0015,2026-02-09,51,61.29
P0015,2026-02-10,50,58.86
P0015,2026-02-11,52,59.43
P0015,2026-02-12,62,60.14
P0015,2026-02-13,60,57.57
P0015,2026-02-14,58,55.14
P0015,2026-02-15,66,57.0
P0015,2026-02-16,54,57.43
P0015,2026-02-17,43,56.43
P0015,2026-02-18,52,56.43
P0015,2026-02-19,60,56.14
P0015,2026-02-20,55,55.43
P0015,2026-02-21,99,61.29
P0015,2026-02-22,80,63.29
P0015,2026-02-23,49,62.57
P0015,2026-02-24,53,64.0
P0015,2026-02-25,44,62.86
P0015,2026-02-26,56,62.29
P0015,2026-02-27,60,63.0
P0015,2026-02-28,64,58.0
P0015,2026-03-01,80,58.0
P0015,2026-03-02,54,58.71
P0015,2026-03-03,60,59.71
P0015,2026-03-04,71,63.57
P0015,2026-03-05,79,66.86
P0015,2026-03-06,82,70.0
P0015,2026-03-07,81,72.43
P0015,2026-03-08,86,73.29
P0015,2026-03-09,61,74.29
P0015,2026-03-10,61,74.43
P0015,2026-03-11,50,71.43
P0015,2026-03-12,49,67.14
P0015,2026-03-13,79,66.71
P0015,2026-03-14,74,65.71
P0015,2026-03-15,75,64.14
P0015,2026-03-16,70,65.43
P0015,2026-03-17,64,65.86
P0015,2026-03-18,70,68.71
P0015,2026-03-19,64,70.86
P0015,2026-03-20,73,70.0
P0015,2026-03-21,81,71.0
P0015,2026-03-22,100,74.57
P0015,2026-03-23,73,75.0
P0015,2026-03-24,71,76.0
P0015,2026-03-25,80,77.43
P0015,2026-03-26,64,77.43
P0015,2026-03-27,87,79.43
P0015,2026-03-28,94,81.29
P0015,2026-03-29,81,78.57
P0015,2026-03-30,77,79.14
P0015,2026-03-31,69,78.86
P0015,2026-04-01,59,75.86
P0015,2026-04-02,57,74.86
P0015,2026-04-03,82,74.14
P0015,2026-04-04,73,71.14
P0015,2026-04-05,80,71.0
P0015,2026-04-06,55,67.86
P0015,2026-04-07,63,67.0
P0015,2026-04-08,57,66.71
P0015,2026-04-09,63,67.57
P0015,2026-04-10,90,68.71
P0015,2026-04-11,88,70.86
P0015,2026-04-12,81,71.0
P0015,2026-04-13,65,72.43
P0015,2026-04-14,50,70.57
P0015,2026-04-15,68,72.14
P0015,2026-04-16,70,73.14
P0015,2026-04-17,71,70.43
P0015,2026-04-18,88,70.43
P0015,2026-04-19,83,70.71
P0015,2026-04-20,60,70.0
P0015,2026-04-21,64,72.0
P0015,2026-04-22,71,72.43
P0015,2026-04-23,73,72.86
P0015,2026-04-24,72,73.0
P0015,2026-04-25,70,70.43
P0015,2026-04-26,87,71.0
P0015,2026-04-27,86,74.71
P0015,2026-04-28,66,75.0
P0015,2026-04-29,57,73.0
P0015,2026-04-30,80,74.0
P0015,2026-05-01,111,79.57
P0015,2026-05-02,73,80.0
P0015,2026-05-03,80,79.0
P0015,2026-05-04,70,76.71
P0015,2026-05-05,59,75.71
P0015,2026-05-06,63,76.57
P0015,2026-05-07,66,74.57
P0015,2026-05-08,70,68.71
P0015,2026-05-09,80,69.71
P0015,2026-05-10,78,69.43
P0015,2026-05-11,60,68.0
P0015,2026-05-12,71,69.71
P0015,2026-05-13,60,69.29
P0015,2026-05-14,62,68.71
P0015,2026-05-15,90,71.57
P0015,2026-05-16,70,70.14
P0015,2026-05-17,86,71.29
P0015,2026-05-18,66,72.14
P0015,2026-05-19,64,71.14
P0015,2026-05-20,62,71.43
P0015,2026-05-21,49,69.57
P0015,2026-05-22,78,67.86
P0015,2026-05-23,81,69.43
P0015,2026-05-24,74,67.71
P0015,2026-05-25,69,68.14
P0015,2026-05-26,74,69.57
P0015,2026-05-27,77,71.71
P0015,2026-05-28,64,73.86
P0015,2026-05-29,91,75.71
P0015,2026-05-30,85,76.29
P0015,2026-05-31,77,76.71
P0015,2026-06-01,57,75.0
P0015,2026-06-02,81,76.0
P0015,2026-06-03,58,73.29
P0015,2026-06-04,65,73.43
P0015,2026-06-05,65,69.71
P0015,2026-06-06,83,69.43
P0015,2026-06-07,88,71.0
P0015,2026-06-08,72,73.14
P0015,2026-06-09,69,71.43
P0015,2026-06-10,54,70.86
P0015,2026-06-11,62,70.43
P0015,2026-06-12,78,72.29
P0015,2026-06-13,71,70.57
P0015,2026-06-14,98,72.0
P0015,2026-06-15,65,71.0
P0015,2026-06-16,74,71.71
P0015,2026-06-17,68,73.71
P0015,2026-06-18,66,74.29
P0015,2026-06-19,82,74.86
P0015,2026-06-20,79,76.0
P0015,2026-06-21,79,73.29
P0015,2026-06-22,73,74.43
P0015,2026-06-23,66,73.29
P0015,2026-06-24,57,71.71
P0015,2026-06-25,67,71.86
P0015,2026-06-26,90,73.0
P0015,2026-06-27,109,77.29
P0015,2026-06-28,80,77.43
P0015,2026-06-29,60,75.57
P0015,2026-06-30,57,74.29
P0015,2026-07-01,60,74.71
P0015,2026-07-02,60,73.71
P0015,2026-07-03,96,74.57
P0015,2026-07-04,77,70.0
P0015,2026-07-05,71,68.71
P0015,2026-07-06,58,68.43
P0015,2026-07-07,78,71.43
P0015,2026-07-08,58,71.14
P0015,2026-07-09,71,72.71
P0015,2026-07-10,102,73.57
P0015,2026-07-11,86,74.86
P0015,2026-07-12,83,76.57
P0015,2026-07-13,63,77.29
P0015,2026-07-14,58,74.43
P0015,2026-07-15,72,76.43
P0015,2026-07-16,50,73.43
P0015,2026-07-17,79,70.14
P0015,2026-07-18,78,69.0
P0015,2026-07-19,73,67.57
P0015,2026-07-20,57,66.71
P0015,2026-07-21,66,67.86
P0015,2026-07-22,75,68.29
P0015,2026-07-23,68,70.86
P0015,2026-07-24,90,72.43
P0015,2026-07-25,82,73.0
P0016,2025-07-26,24,24.0
P0016,2025-07-27,22,23.0
P0016,2025-07-28,18,21.33
P0016,2025-07-29,20,21.0
P0016,2025-07-30,21,21.0
P0016,2025-07-31,19,20.67
P0016,2025-08-01,21,20.71
P0016,2025-08-02,23,20.57
P0016,2025-08-03,19,20.14
P0016,2025-08-04,13,19.43
P0016,2025-08-05,12,18.29
P0016,2025-08-06,20,18.14
P0016,2025-08-07,23,18.71
P0016,2025-08-08,22,18.86
P0016,2025-08-09,26,19.29
P0016,2025-08-10,15,18.71
P0016,2025-08-11,12,18.57
P0016,2025-08-12,23,20.14
P0016,2025-08-13,15,19.43
P0016,2025-08-14,13,18.0
P0016,2025-08-15,25,18.43
P0016,2025-08-16,24,18.14
P0016,2025-08-17,21,19.0
P0016,2025-08-18,9,18.57
P0016,2025-08-19,18,17.86
P0016,2025-08-20,18,18.29
P0016,2025-08-21,18,19.0
P0016,2025-08-22,27,19.29
P0016,2025-08-23,29,20.0
P0016,2025-08-24,28,21.0
P0016,2025-08-25,15,21.86
P0016,2025-08-26,15,21.43
P0016,2025-08-27,19,21.57
P0016,2025-08-28,14,21.0
P0016,2025-08-29,20,20.0
P0016,2025-08-30,30,20.14
P0016,2025-08-31,20,19.0
P0016,2025-09-01,21,19.86
P0016,2025-09-02,21,20.71
P0016,2025-09-03,21,21.0
P0016,2025-09-04,17,21.43
P0016,2025-09-05,21,21.57
P0016,2025-09-06,23,20.57
P0016,2025-09-07,23,21.0
P0016,2025-09-08,23,21.29
P0016,2025-09-09,18,20.86
P0016,2025-09-10,21,20.86
P0016,2025-09-11,23,21.71
P0016,2025-09-12,32,23.29
P0016,2025-09-13,17,22.43
P0016,2025-09-14,17,21.57
P0016,2025-09-15,19,21.0
P0016,2025-09-16,15,20.57
P0016,2025-09-17,17,20.0
P0016,2025-09-18,21,19.71
P0016,2025-09-19,20,18.0
P0016,2025-09-20,24,19.0
P0016,2025-09-21,24,20.0
P0016,2025-09-22,29,21.43
P0016,2025-09-23,19,22.0
P0016,2025-09-24,21,22.57
P0016,2025-09-25,21,22.57
P0016,2025-09-26,30,24.0
P0016,2025-09-27,30,24.86
P0016,2025-09-28,20,24.29
P0016,2025-09-29,23,23.43
P0016,2025-09-30,18,23.29
P0016,2025-10-01,16,22.57
P0016,2025-10-02,17,22.0
P0016,2025-10-03,26,21.43
P0016,2025-10-04,21,20.14
P0016,2025-10-05,30,21.57
P0016,2025-10-06,17,20.71
P0016,2025-10-07,21,21.14
P0016,2025-10-08,12,20.57
P0016,2025-10-09,25,21.71
P0016,2025-10-10,21,21.0
P0016,2025-10-11,17,20.43
P0016,2025-10-12,20,19.0
P0016,2025-10-13,16,18.86
P0016,2025-10-14,19,18.57
P0016,2025-10-15,18,19.43
P0016,2025-10-16,27,19.71
P0016,2025-10-17,23,20.0
P0016,2025-10-18,36,22.71
P0016,2025-10-19,35,24.86
P0016,2025-10-20,25,26.14
P0016,2025-10-21,20,26.29
P0016,2025-10-22,12,25.43
P0016,2025-10-23,17,24.0
P0016,2025-10-24,22,23.86
P0016,2025-10-25,22,21.86
P0016,2025-10-26,22,20.0
P0016,2025-10-27,18,19.0
P0016,2025-10-28,18,18.71
P0016,2025-10-29,17,19.43
P0016,2025-10-30,15,19.14
P0016,2025-10-31,29,20.14
P0016,2025-11-01,31,21.43
P0016,2025-11-02,42,24.29
P0016,2025-11-03,26,25.43
P0016,2025-11-04,19,25.57
P0016,2025-11-05,37,28.43
P0016,2025-11-06,29,30.43
P0016,2025-11-07,31,30.71
P0016,2025-11-08,43,32.43
P0016,2025-11-09,36,31.57
P0016,2025-11-10,21,30.86
P0016,2025-11-11,12,29.86
P0016,2025-11-12,27,28.43
P0016,2025-11-13,34,29.14
P0016,2025-11-14,27,28.57
P0016,2025-11-15,24,25.86
P0016,2025-11-16,28,24.71
P0016,2025-11-17,22,24.86
P0016,2025-11-18,32,27.71
P0016,2025-11-19,37,29.14
P0016,2025-11-20,27,28.14
P0016,2025-11-21,37,29.57
P0016,2025-11-22,36,31.29
P0016,2025-11-23,22,30.43
P0016,2025-11-24,20,30.14
P0016,2025-11-25,17,28.0
P0016,2025-11-26,20,25.57
P0016,2025-11-27,30,26.0
P0016,2025-11-28,24,24.14
P0016,2025-11-29,27,22.86
P0016,2025-11-30,33,24.43
P0016,2025-12-01,20,24.43
P0016,2025-12-02,26,25.71
P0016,2025-12-03,23,26.14
P0016,2025-12-04,30,26.14
P0016,2025-12-05,28,26.71
P0016,2025-12-06,44,29.14
P0016,2025-12-07,40,30.14
P0016,2025-12-08,21,30.29
P0016,2025-12-09,13,28.43
P0016,2025-12-10,20,28.0
P0016,2025-12-11,23,27.0
P0016,2025-12-12,26,26.71
P0016,2025-12-13,29,24.57
P0016,2025-12-14,31,23.29
P0016,2025-12-15,21,23.29
P0016,2025-12-16,21,24.43
P0016,2025-12-17,25,25.14
P0016,2025-12-18,28,25.86
P0016,2025-12-19,42,28.14
P0016,2025-12-20,36,29.14
P0016,2025-12-21,38,30.14
P0016,2025-12-22,16,29.43
P0016,2025-12-23,23,29.71
P0016,2025-12-24,18,28.71
P0016,2025-12-25,18,27.29
P0016,2025-12-26,21,24.29
P0016,2025-12-27,22,22.29
P0016,2025-12-28,31,21.29
P0016,2025-12-29,29,23.14
P0016,2025-12-30,37,25.14
P0016,2025-12-31,22,25.71
P0016,2026-01-01,17,25.57
P0016,2026-01-02,28,26.57
P0016,2026-01-03,22,26.57
P0016,2026-01-04,20,25.0
P0016,2026-01-05,11,22.43
P0016,2026-01-06,14,19.14
P0016,2026-01-07,14,18.0
P0016,2026-01-08,21,18.57
P0016,2026-01-09,28,18.57
P0016,2026-01-10,12,17.14
P0016,2026-01-11,19,17.0
P0016,2026-01-12,8,16.57
P0016,2026-01-13,12,16.29
P0016,2026-01-14,14,16.29
P0016,2026-01-15,24,16.71
P0016,2026-01-16,17,15.14
P0016,2026-01-17,26,17.14
P0016,2026-01-18,21,17.43
P0016,2026-01-19,11,17.86
P0016,2026-01-20,10,17.57
P0016,2026-01-21,20,18.43
P0016,2026-01-22,12,16.71
P0016,2026-01-23,24,17.71
P0016,2026-01-24,22,17.14
P0016,2026-01-25,14,16.14
P0016,2026-01-26,15,16.71
P0016,2026-01-27,15,17.43
P0016,2026-01-28,10,16.0
P0016,2026-01-29,11,15.86
P0016,2026-01-30,12,14.14
P0016,2026-01-31,19,13.71
P0016,2026-02-01,22,14.86
P0016,2026-02-02,14,14.71
P0016,2026-02-03,15,14.71
P0016,2026-02-04,12,15.0
P0016,2026-02-05,11,15.0
P0016,2026-02-06,20,16.14
P0016,2026-02-07,18,16.0
P0016,2026-02-08,21,15.86
P0016,2026-02-09,11,15.43
P0016,2026-02-10,16,15.57
P0016,2026-02-11,10,15.29
P0016,2026-02-12,20,16.57
P0016,2026-02-13,29,17.86
P0016,2026-02-14,16,17.57
P0016,2026-02-15,24,18.0
P0016,2026-02-16,17,18.86
P0016,2026-02-17,17,19.0
P0016,2026-02-18,19,20.29
P0016,2026-02-19,16,19.71
P0016,2026-02-20,18,18.14
P0016,2026-02-21,16,18.14
P0016,2026-02-22,18,17.29
P0016,2026-02-23,14,16.86
P0016,2026-02-24,14,16.43
P0016,2026-02-25,15,15.86
P0016,2026-02-26,12,15.29
P0016,2026-02-27,11,14.29
P0016,2026-02-28,17,14.43
P0016,2026-03-01,19,14.57
P0016,2026-03-02,20,15.43
P0016,2026-03-03,16,15.71
P0016,2026-03-04,14,15.57
P0016,2026-03-05,17,16.29
P0016,2026-03-06,26,18.43
P0016,2026-03-07,26,19.71
P0016,2026-03-08,26,20.71
P0016,2026-03-09,16,20.14
P0016,2026-03-10,20,20.71
P0016,2026-03-11,14,20.71
P0016,2026-03-12,20,21.14
P0016,2026-03-13,18,20.0
P0016,2026-03-14,27,20.14
P0016,2026-03-15,25,20.0
P0016,2026-03-16,27,21.57
P0016,2026-03-17,19,21.43
P0016,2026-03-18,16,21.71
P0016,2026-03-19,15,21.0
P0016,2026-03-20,35,23.43
P0016,2026-03-21,25,23.14
P0016,2026-03-22,20,22.43
P0016,2026-03-23,19,21.29
P0016,2026-03-24,14,20.57
P0016,2026-03-25,22,21.43
P0016,2026-03-26,21,22.29
P0016,2026-03-27,23,20.57
P0016,2026-03-28,27,20.86
P0016,2026-03-29,23,21.29
P0016,2026-03-30,19,21.29
P0016,2026-03-31,25,22.86
P0016,2026-04-01,20,22.57
P0016,2026-04-02,28,23.57
P0016,2026-04-03,28,24.29
P0016,2026-04-04,24,23.86
P0016,2026-04-05,29,24.71
P0016,2026-04-06,19,24.71
P0016,2026-04-07,14,23.14
P0016,2026-04-08,18,22.86
P0016,2026-04-09,16,21.14
P0016,2026-04-10,23,20.43
P0016,2026-04-11,21,20.0
P0016,2026-04-12,20,18.71
P0016,2026-04-13,22,19.14
P0016,2026-04-14,17,19.57
P0016,2026-04-15,16,19.29
P0016,2026-04-16,19,19.71
P0016,2026-04-17,30,20.71
P0016,2026-04-18,28,21.71
P0016,2026-04-19,24,22.29
P0016,2026-04-20,26,22.86
P0016,2026-04-21,21,23.43
P0016,2026-04-22,17,23.57
P0016,2026-04-23,22,24.0
P0016,2026-04-24,29,23.86
P0016,2026-04-25,22,23.0
P0016,2026-04-26,20,22.43
P0016,2026-04-27,17,21.14
P0016,2026-04-28,18,20.71
P0016,2026-04-29,22,21.43
P0016,2026-04-30,17,20.71
P0016,2026-05-01,21,19.57
P0016,2026-05-02,26,20.14
P0016,2026-05-03,20,20.14
P0016,2026-05-04,16,20.0
P0016,2026-05-05,18,20.0
P0016,2026-05-06,16,19.14
P0016,2026-05-07,15,18.86
P0016,2026-05-08,17,18.29
P0016,2026-05-09,18,17.14
P0016,2026-05-10,21,17.29
P0016,2026-05-11,23,18.29
P0016,2026-05-12,18,18.29
P0016,2026-05-13,19,18.71
P0016,2026-05-14,22,19.71
P0016,2026-05-15,29,21.43
P0016,2026-05-16,17,21.29
P0016,2026-05-17,21,21.29
P0016,2026-05-18,24,21.43
P0016,2026-05-19,18,21.43
P0016,2026-05-20,13,20.57
P0016,2026-05-21,19,20.14
P0016,2026-05-22,28,20.0
P0016,2026-05-23,28,21.57
P0016,2026-05-24,14,20.57
P0016,2026-05-25,15,19.29
P0016,2026-05-26,20,19.57
P0016,2026-05-27,16,20.0
P0016,2026-05-28,17,19.71
P0016,2026-05-29,18,18.29
P0016,2026-05-30,22,17.43
P0016,2026-05-31,30,19.71
P0016,2026-06-01,15,19.71
P0016,2026-06-02,22,20.0
P0016,2026-06-03,19,20.43
P0016,2026-06-04,19,20.71
P0016,2026-06-05,11,19.71
P0016,2026-06-06,28,20.57
P0016,2026-06-07,20,19.14
P0016,2026-06-08,19,19.71
P0016,2026-06-09,20,19.43
P0016,2026-06-10,15,18.86
P0016,2026-06-11,18,18.71
P0016,2026-06-12,28,21.14
P0016,2026-06-13,30,21.43
P0016,2026-06-14,24,22.0
P0016,2026-06-15,17,21.71
P0016,2026-06-16,31,23.29
P0016,2026-06-17,19,23.86
P0016,2026-06-18,12,23.0
P0016,2026-06-19,29,23.14
P0016,2026-06-20,17,21.29
P0016,2026-06-21,25,21.43
P0016,2026-06-22,16,21.29
P0016,2026-06-23,13,18.71
P0016,2026-06-24,17,18.43
P0016,2026-06-25,12,18.43
P0016,2026-06-26,21,17.29
P0016,2026-06-27,20,17.71
P0016,2026-06-28,21,17.14
P0016,2026-06-29,11,16.43
P0016,2026-06-30,23,17.86
P0016,2026-07-01,14,17.43
P0016,2026-07-02,22,18.86
P0016,2026-07-03,28,19.86
P0016,2026-07-04,26,20.71
P0016,2026-07-05,26,21.43
P0016,2026-07-06,18,22.43
P0016,2026-07-07,17,21.57
P0016,2026-07-08,18,22.14
P0016,2026-07-09,18,21.57
P0016,2026-07-10,19,20.29
P0016,2026-07-11,32,21.14
P0016,2026-07-12,21,20.43
P0016,2026-07-13,14,19.86
P0016,2026-07-14,22,20.57
P0016,2026-07-15,14,20.0
P0016,2026-07-16,23,20.71
P0016,2026-07-17,19,20.71
P0016,2026-07-18,20,19.0
P0016,2026-07-19,16,18.29
P0016,2026-07-20,15,18.43
P0016,2026-07-21,24,18.71
P0016,2026-07-22,19,19.43
P0016,2026-07-23,19,18.86
P0016,2026-07-24,21,19.14
P0016,2026-07-25,31,20.71
P0017,2025-07-26,62,62.0
P0017,2025-07-27,63,62.5
P0017,2025-07-28,45,56.67
P0017,2025-07-29,43,53.25
P0017,2025-07-30,45,51.6
P0017,2025-07-31,44,50.33
P0017,2025-08-01,56,51.14
P0017,2025-08-02,56,50.29
P0017,2025-08-03,60,49.86
P0017,2025-08-04,56,51.43
P0017,2025-08-05,38,50.71
P0017,2025-08-06,53,51.86
P0017,2025-08-07,46,52.14
P0017,2025-08-08,53,51.71
P0017,2025-08-09,66,53.14
P0017,2025-08-10,51,51.86
P0017,2025-08-11,38,49.29
P0017,2025-08-12,61,52.57
P0017,2025-08-13,49,52.0
P0017,2025-08-14,40,51.14
P0017,2025-08-15,64,52.71
P0017,2025-08-16,55,51.14
P0017,2025-08-17,72,54.14
P0017,2025-08-18,47,55.43
P0017,2025-08-19,38,52.14
P0017,2025-08-20,43,51.29
P0017,2025-08-21,44,51.86
P0017,2025-08-22,69,52.57
P0017,2025-08-23,70,54.71
P0017,2025-08-24,70,54.43
P0017,2025-08-25,50,54.86
P0017,2025-08-26,60,58.0
P0017,2025-08-27,54,59.57
P0017,2025-08-28,44,59.57
P0017,2025-08-29,63,58.71
P0017,2025-08-30,52,56.14
P0017,2025-08-31,62,55.0
P0017,2025-09-01,46,54.43
P0017,2025-09-02,47,52.57
P0017,2025-09-03,39,50.43
P0017,2025-09-04,50,51.29
P0017,2025-09-05,58,50.57
P0017,2025-09-06,59,51.57
P0017,2025-09-07,69,52.57
P0017,2025-09-08,45,52.43
P0017,2025-09-09,58,54.0
P0017,2025-09-10,46,55.0
P0017,2025-09-11,46,54.43
P0017,2025-09-12,48,53.0
P0017,2025-09-13,51,51.86
P0017,2025-09-14,61,50.71
P0017,2025-09-15,47,51.0
P0017,2025-09-16,48,49.57
P0017,2025-09-17,47,49.71
P0017,2025-09-18,41,49.0
P0017,2025-09-19,53,49.71
P0017,2025-09-20,59,50.86
P0017,2025-09-21,59,50.57
P0017,2025-09-22,50,51.0
P0017,2025-09-23,36,49.29
P0017,2025-09-24,48,49.43
P0017,2025-09-25,51,50.86
P0017,2025-09-26,72,53.57
P0017,2025-09-27,54,52.86
P0017,2025-09-28,56,52.43
P0017,2025-09-29,48,52.14
P0017,2025-09-30,47,53.71
P0017,2025-10-01,44,53.14
P0017,2025-10-02,51,53.14
P0017,2025-10-03,53,50.43
P0017,2025-10-04,69,52.57
P0017,2025-10-05,55,52.43
P0017,2025-10-06,43,51.71
P0017,2025-10-07,48,51.86
P0017,2025-10-08,30,49.86
P0017,2025-10-09,43,48.71
P0017,2025-10-10,61,49.86
P0017,2025-10-11,57,48.14
P0017,2025-10-12,66,49.71
P0017,2025-10-13,43,49.71
P0017,2025-10-14,41,48.71
P0017,2025-10-15,52,51.86
P0017,2025-10-16,50,52.86
P0017,2025-10-17,64,53.29
P0017,2025-10-18,52,52.57
P0017,2025-10-19,67,52.71
P0017,2025-10-20,42,52.57
P0017,2025-10-21,57,54.86
P0017,2025-10-22,47,54.14
P0017,2025-10-23,44,53.29
P0017,2025-10-24,57,52.29
P0017,2025-10-25,57,53.0
P0017,2025-10-26,66,52.86
P0017,2025-10-27,39,52.43
P0017,2025-10-28,52,51.71
P0017,2025-10-29,67,54.57
P0017,2025-10-30,42,54.29
P0017,2025-10-31,60,54.71
P0017,2025-11-01,85,58.71
P0017,2025-11-02,100,63.57
P0017,2025-11-03,71,68.14
P0017,2025-11-04,69,70.57
P0017,2025-11-05,87,73.43
P0017,2025-11-06,56,75.43
P0017,2025-11-07,97,80.71
P0017,2025-11-08,84,80.57
P0017,2025-11-09,100,80.57
P0017,2025-11-10,52,77.86
P0017,2025-11-11,65,77.29
P0017,2025-11-12,61,73.57
P0017,2025-11-13,36,70.71
P0017,2025-11-14,90,69.71
P0017,2025-11-15,80,69.14
P0017,2025-11-16,101,69.29
P0017,2025-11-17,77,72.86
P0017,2025-11-18,78,74.71
P0017,2025-11-19,91,79.0
P0017,2025-11-20,49,80.86
P0017,2025-11-21,80,79.43
P0017,2025-11-22,82,79.71
P0017,2025-11-23,76,76.14
P0017,2025-11-24,59,73.57
P0017,2025-11-25,55,70.29
P0017,2025-11-26,46,63.86
P0017,2025-11-27,66,66.29
P0017,2025-11-28,93,68.14
P0017,2025-11-29,91,69.43
P0017,2025-11-30,81,70.14
P0017,2025-12-01,86,74.0
P0017,2025-12-02,65,75.43
P0017,2025-12-03,50,76.0
P0017,2025-12-04,79,77.86
P0017,2025-12-05,98,78.57
P0017,2025-12-06,90,78.43
P0017,2025-12-07,63,75.86
P0017,2025-12-08,48,70.43
P0017,2025-12-09,41,67.0
P0017,2025-12-10,58,68.14
P0017,2025-12-11,66,66.29
P0017,2025-12-12,93,65.57
P0017,2025-12-13,98,66.71
P0017,2025-12-14,80,69.14
P0017,2025-12-15,83,74.14
P0017,2025-12-16,82,80.0
P0017,2025-12-17,76,82.57
P0017,2025-12-18,62,82.0
P0017,2025-12-19,70,78.71
P0017,2025-12-20,67,74.29
P0017,2025-12-21,68,72.57
P0017,2025-12-22,67,70.29
P0017,2025-12-23,68,68.29
P0017,2025-12-24,79,68.71
P0017,2025-12-25,67,69.43
P0017,2025-12-26,93,72.71
P0017,2025-12-27,82,74.86
P0017,2025-12-28,65,74.43
P0017,2025-12-29,59,73.29
P0017,2025-12-30,71,73.71
P0017,2025-12-31,63,71.43
P0017,2026-01-01,40,67.57
P0017,2026-01-02,54,62.0
P0017,2026-01-03,56,58.29
P0017,2026-01-04,62,57.86
P0017,2026-01-05,28,53.43
P0017,2026-01-06,43,49.43
P0017,2026-01-07,45,46.86
P0017,2026-01-08,39,46.71
P0017,2026-01-09,54,46.71
P0017,2026-01-10,62,47.57
P0017,2026-01-11,65,48.0
P0017,2026-01-12,36,49.14
P0017,2026-01-13,41,48.86
P0017,2026-01-14,46,49.0
P0017,2026-01-15,38,48.86
P0017,2026-01-16,39,46.71
P0017,2026-01-17,41,43.71
P0017,2026-01-18,51,41.71
P0017,2026-01-19,35,41.57
P0017,2026-01-20,32,40.29
P0017,2026-01-21,41,39.57
P0017,2026-01-22,30,38.43
P0017,2026-01-23,47,39.57
P0017,2026-01-24,51,41.0
P0017,2026-01-25,57,41.86
P0017,2026-01-26,44,43.14
P0017,2026-01-27,44,44.86
P0017,2026-01-28,45,45.43
P0017,2026-01-29,46,47.71
P0017,2026-01-30,41,46.86
P0017,2026-01-31,53,47.14
P0017,2026-02-01,59,47.43
P0017,2026-02-02,36,46.29
P0017,2026-02-03,54,47.71
P0017,2026-02-04,47,48.0
P0017,2026-02-05,29,45.57
P0017,2026-02-06,46,46.29
P0017,2026-02-07,46,45.29
P0017,2026-02-08,50,44.0
P0017,2026-02-09,42,44.86
P0017,2026-02-10,42,43.14
P0017,2026-02-11,32,41.0
P0017,2026-02-12,38,42.29
P0017,2026-02-13,46,42.29
P0017,2026-02-14,56,43.71
P0017,2026-02-15,37,41.86
P0017,2026-02-16,46,42.43
P0017,2026-02-17,44,42.71
P0017,2026-02-18,37,43.43
P0017,2026-02-19,39,43.57
P0017,2026-02-20,59,45.43
P0017,2026-02-21,48,44.29
P0017,2026-02-22,36,44.14
P0017,2026-02-23,36,42.71
P0017,2026-02-24,43,42.57
P0017,2026-02-25,40,43.0
P0017,2026-02-26,36,42.57
P0017,2026-02-27,50,41.29
P0017,2026-02-28,59,42.86
P0017,2026-03-01,60,46.29
P0017,2026-03-02,46,47.71
P0017,2026-03-03,37,46.86
P0017,2026-03-04,41,47.0
P0017,2026-03-05,56,49.86
P0017,2026-03-06,51,50.0
P0017,2026-03-07,57,49.71
P0017,2026-03-08,58,49.43
P0017,2026-03-09,50,50.0
P0017,2026-03-10,53,52.29
P0017,2026-03-11,50,53.57
P0017,2026-03-12,46,52.14
P0017,2026-03-13,69,54.71
P0017,2026-03-14,46,53.14
P0017,2026-03-15,59,53.29
P0017,2026-03-16,45,52.57
P0017,2026-03-17,56,53.0
P0017,2026-03-18,51,53.14
P0017,2026-03-19,58,54.86
P0017,2026-03-20,40,50.71
P0017,2026-03-21,64,53.29
P0017,2026-03-22,59,53.29
P0017,2026-03-23,55,54.71
P0017,2026-03-24,55,54.57
P0017,2026-03-25,52,54.71
P0017,2026-03-26,43,52.57
P0017,2026-03-27,59,55.29
P0017,2026-03-28,55,54.0
P0017,2026-03-29,54,53.29
P0017,2026-03-30,52,52.86
P0017,2026-03-31,50,52.14
P0017,2026-04-01,52,52.14
P0017,2026-04-02,42,52.0
P0017,2026-04-03,64,52.71
P0017,2026-04-04,59,53.29
P0017,2026-04-05,50,52.71
P0017,2026-04-06,48,52.14
P0017,2026-04-07,56,53.0
P0017,2026-04-08,39,51.14
P0017,2026-04-09,40,50.86
P0017,2026-04-10,50,48.86
P0017,2026-04-11,48,47.29
P0017,2026-04-12,60,48.71
P0017,2026-04-13,51,49.14
P0017,2026-04-14,45,47.57
P0017,2026-04-15,46,48.57
P0017,2026-04-16,49,49.86
P0017,2026-04-17,62,51.57
P0017,2026-04-18,55,52.57
P0017,2026-04-19,71,54.14
P0017,2026-04-20,51,54.14
P0017,2026-04-21,54,55.43
P0017,2026-04-22,55,56.71
P0017,2026-04-23,43,55.86
P0017,2026-04-24,57,55.14
P0017,2026-04-25,52,54.71
P0017,2026-04-26,64,53.71
P0017,2026-04-27,53,54.0
P0017,2026-04-28,58,54.57
P0017,2026-04-29,53,54.29
P0017,2026-04-30,41,54.0
P0017,2026-05-01,67,55.43
P0017,2026-05-02,66,57.43
P0017,2026-05-03,73,58.71
P0017,2026-05-04,43,57.29
P0017,2026-05-05,46,55.57
P0017,2026-05-06,51,55.29
P0017,2026-05-07,49,56.43
P0017,2026-05-08,68,56.57
P0017,2026-05-09,58,55.43
P0017,2026-05-10,61,53.71
P0017,2026-05-11,43,53.71
P0017,2026-05-12,46,53.71
P0017,2026-05-13,45,52.86
P0017,2026-05-14,51,53.14
P0017,2026-05-15,60,52.0
P0017,2026-05-16,62,52.57
P0017,2026-05-17,46,50.43
P0017,2026-05-18,26,48.0
P0017,2026-05-19,48,48.29
P0017,2026-05-20,55,49.71
P0017,2026-05-21,51,49.71
P0017,2026-05-22,59,49.57
P0017,2026-05-23,58,49.0
P0017,2026-05-24,59,50.86
P0017,2026-05-25,48,54.0
P0017,2026-05-26,41,53.0
P0017,2026-05-27,46,51.71
P0017,2026-05-28,49,51.43
P0017,2026-05-29,55,50.86
P0017,2026-05-30,66,52.0
P0017,2026-05-31,51,50.86
P0017,2026-06-01,54,51.71
P0017,2026-06-02,44,52.14
P0017,2026-06-03,58,53.86
P0017,2026-06-04,48,53.71
P0017,2026-06-05,56,53.86
P0017,2026-06-06,61,53.14
P0017,2026-06-07,80,57.29
P0017,2026-06-08,43,55.71
P0017,2026-06-09,60,58.0
P0017,2026-06-10,41,55.57
P0017,2026-06-11,42,54.71
P0017,2026-06-12,60,55.29
P0017,2026-06-13,61,55.29
P0017,2026-06-14,66,53.29
P0017,2026-06-15,59,55.57
P0017,2026-06-16,44,53.29
P0017,2026-06-17,29,51.57
P0017,2026-06-18,45,52.0
P0017,2026-06-19,64,52.57
P0017,2026-06-20,52,51.29
P0017,2026-06-21,81,53.43
P0017,2026-06-22,47,51.71
P0017,2026-06-23,55,53.29
P0017,2026-06-24,34,54.0
P0017,2026-06-25,52,55.0
P0017,2026-06-26,67,55.43
P0017,2026-06-27,69,57.86
P0017,2026-06-28,57,54.43
P0017,2026-06-29,50,54.86
P0017,2026-06-30,59,55.43
P0017,2026-07-01,65,59.86
P0017,2026-07-02,47,59.14
P0017,2026-07-03,71,59.71
P0017,2026-07-04,50,57.0
P0017,2026-07-05,54,56.57
P0017,2026-07-06,56,57.43
P0017,2026-07-07,44,55.29
P0017,2026-07-08,59,54.43
P0017,2026-07-09,55,55.57
P0017,2026-07-10,50,52.57
P0017,2026-07-11,53,53.0
P0017,2026-07-12,56,53.29
P0017,2026-07-13,54,53.0
P0017,2026-07-14,41,52.57
P0017,2026-07-15,61,52.86
P0017,2026-07-16,42,51.0
P0017,2026-07-17,70,53.86
P0017,2026-07-18,46,52.86
P0017,2026-07-19,47,51.57
P0017,2026-07-20,56,51.86
P0017,2026-07-21,39,51.57
P0017,2026-07-22,41,48.71
P0017,2026-07-23,50,49.86
P0017,2026-07-24,60,48.43
P0017,2026-07-25,60,50.43
P0018,2025-07-26,14,14.0
P0018,2025-07-27,16,15.0
P0018,2025-07-28,8,12.67
P0018,2025-07-29,9,11.75
P0018,2025-07-30,6,10.6
P0018,2025-07-31,6,9.83
P0018,2025-08-01,12,10.14
P0018,2025-08-02,15,10.29
P0018,2025-08-03,10,9.43
P0018,2025-08-04,6,9.14
P0018,2025-08-05,7,8.86
P0018,2025-08-06,12,9.71
P0018,2025-08-07,12,10.57
P0018,2025-08-08,12,10.57
P0018,2025-08-09,16,10.71
P0018,2025-08-10,17,11.71
P0018,2025-08-11,7,11.86
P0018,2025-08-12,13,12.71
P0018,2025-08-13,9,12.29
P0018,2025-08-14,12,12.29
P0018,2025-08-15,12,12.29
P0018,2025-08-16,9,11.29
P0018,2025-08-17,19,11.57
P0018,2025-08-18,6,11.43
P0018,2025-08-19,9,10.86
P0018,2025-08-20,12,11.29
P0018,2025-08-21,12,11.29
P0018,2025-08-22,9,10.86
P0018,2025-08-23,17,12.0
P0018,2025-08-24,6,10.14
P0018,2025-08-25,9,10.57
P0018,2025-08-26,11,10.86
P0018,2025-08-27,13,11.0
P0018,2025-08-28,10,10.71
P0018,2025-08-29,10,10.86
P0018,2025-08-30,10,9.86
P0018,2025-08-31,11,10.57
P0018,2025-09-01,17,11.71
P0018,2025-09-02,6,11.0
P0018,2025-09-03,12,10.86
P0018,2025-09-04,10,10.86
P0018,2025-09-05,15,11.57
P0018,2025-09-06,11,11.71
P0018,2025-09-07,13,12.0
P0018,2025-09-08,5,10.29
P0018,2025-09-09,10,10.86
P0018,2025-09-10,9,10.43
P0018,2025-09-11,12,10.71
P0018,2025-09-12,9,9.86
P0018,2025-09-13,12,10.0
P0018,2025-09-14,9,9.43
P0018,2025-09-15,10,10.14
P0018,2025-09-16,7,9.71
P0018,2025-09-17,10,9.86
P0018,2025-09-18,5,8.86
P0018,2025-09-19,11,9.14
P0018,2025-09-20,6,8.29
P0018,2025-09-21,15,9.14
P0018,2025-09-22,6,8.57
P0018,2025-09-23,13,9.43
P0018,2025-09-24,9,9.29
P0018,2025-09-25,13,10.43
P0018,2025-09-26,13,10.71
P0018,2025-09-27,14,11.86
P0018,2025-09-28,13,11.57
P0018,2025-09-29,9,12.0
P0018,2025-09-30,6,11.0
P0018,2025-10-01,8,10.86
P0018,2025-10-02,13,10.86
P0018,2025-10-03,10,10.43
P0018,2025-10-04,13,10.29
P0018,2025-10-05,11,10.0
P0018,2025-10-06,11,10.29
P0018,2025-10-07,9,10.71
P0018,2025-10-08,14,11.57
P0018,2025-10-09,4,10.29
P0018,2025-10-10,9,10.14
P0018,2025-10-11,13,10.14
P0018,2025-10-12,13,10.43
P0018,2025-10-13,8,10.0
P0018,2025-10-14,10,10.14
P0018,2025-10-15,6,9.0
P0018,2025-10-16,11,10.0
P0018,2025-10-17,21,11.71
P0018,2025-10-18,15,12.0
P0018,2025-10-19,15,12.29
P0018,2025-10-20,10,12.57
P0018,2025-10-21,13,13.0
P0018,2025-10-22,12,13.86
P0018,2025-10-23,9,13.57
P0018,2025-10-24,12,12.29
P0018,2025-10-25,13,12.0
P0018,2025-10-26,12,11.57
P0018,2025-10-27,11,11.71
P0018,2025-10-28,12,11.57
P0018,2025-10-29,10,11.29
P0018,2025-10-30,8,11.14
P0018,2025-10-31,7,10.43
P0018,2025-11-01,20,11.43
P0018,2025-11-02,15,11.86
P0018,2025-11-03,11,11.86
P0018,2025-11-04,12,11.86
P0018,2025-11-05,18,13.0
P0018,2025-11-06,9,13.14
P0018,2025-11-07,14,14.14
P0018,2025-11-08,28,15.29
P0018,2025-11-09,26,16.86
P0018,2025-11-10,20,18.14
P0018,2025-11-11,22,19.57
P0018,2025-11-12,12,18.71
P0018,2025-11-13,14,19.43
P0018,2025-11-14,18,20.0
P0018,2025-11-15,9,17.29
P0018,2025-11-16,26,17.29
P0018,2025-11-17,11,16.0
P0018,2025-11-18,16,15.14
P0018,2025-11-19,16,15.71
P0018,2025-11-20,11,15.29
P0018,2025-11-21,14,14.71
P0018,2025-11-22,18,16.0
P0018,2025-11-23,18,14.86
P0018,2025-11-24,20,16.14
P0018,2025-11-25,12,15.57
P0018,2025-11-26,15,15.43
P0018,2025-11-27,18,16.43
P0018,2025-11-28,22,17.57
P0018,2025-11-29,12,16.71
P0018,2025-11-30,15,16.29
P0018,2025-12-01,10,14.86
P0018,2025-12-02,13,15.0
P0018,2025-12-03,14,14.86
P0018,2025-12-04,17,14.71
P0018,2025-12-05,17,14.0
P0018,2025-12-06,16,14.57
P0018,2025-12-07,15,14.57
P0018,2025-12-08,15,15.29
P0018,2025-12-09,16,15.71
P0018,2025-12-10,11,15.29
P0018,2025-12-11,16,15.14
P0018,2025-12-12,20,15.57
P0018,2025-12-13,19,16.0
P0018,2025-12-14,18,16.43
P0018,2025-12-15,18,16.86
P0018,2025-12-16,12,16.29
P0018,2025-12-17,17,17.14
P0018,2025-12-18,14,16.86
P0018,2025-12-19,19,16.71
P0018,2025-12-20,18,16.57
P0018,2025-12-21,21,17.0
P0018,2025-12-22,10,15.86
P0018,2025-12-23,11,15.71
P0018,2025-12-24,14,15.29
P0018,2025-12-25,13,15.14
P0018,2025-12-26,23,15.71
P0018,2025-12-27,25,16.71
P0018,2025-12-28,21,16.71
P0018,2025-12-29,12,17.0
P0018,2025-12-30,14,17.43
P0018,2025-12-31,16,17.71
P0018,2026-01-01,8,17.0
P0018,2026-01-02,12,15.43
P0018,2026-01-03,10,13.29
P0018,2026-01-04,10,11.71
P0018,2026-01-05,9,11.29
P0018,2026-01-06,6,10.14
P0018,2026-01-07,6,8.71
P0018,2026-01-08,9,8.86
P0018,2026-01-09,10,8.57
P0018,2026-01-10,9,8.43
P0018,2026-01-11,9,8.29
P0018,2026-01-12,12,8.71
P0018,2026-01-13,4,8.43
P0018,2026-01-14,8,8.71
P0018,2026-01-15,8,8.57
P0018,2026-01-16,8,8.29
P0018,2026-01-17,16,9.29
P0018,2026-01-18,10,9.43
P0018,2026-01-19,9,9.0
P0018,2026-01-20,6,9.29
P0018,2026-01-21,6,9.0
P0018,2026-01-22,6,8.71
P0018,2026-01-23,12,9.29
P0018,2026-01-24,9,8.29
P0018,2026-01-25,12,8.57
P0018,2026-01-26,10,8.71
P0018,2026-01-27,3,8.29
P0018,2026-01-28,8,8.57
P0018,2026-01-29,11,9.29
P0018,2026-01-30,7,8.57
P0018,2026-01-31,11,8.86
P0018,2026-02-01,8,8.29
P0018,2026-02-02,11,8.43
P0018,2026-02-03,9,9.29
P0018,2026-02-04,9,9.43
P0018,2026-02-05,16,10.14
P0018,2026-02-06,13,11.0
P0018,2026-02-07,10,10.86
P0018,2026-02-08,12,11.43
P0018,2026-02-09,3,10.29
P0018,2026-02-10,9,10.29
P0018,2026-02-11,11,10.57
P0018,2026-02-12,9,9.57
P0018,2026-02-13,14,9.71
P0018,2026-02-14,12,10.0
P0018,2026-02-15,10,9.71
P0018,2026-02-16,12,11.0
P0018,2026-02-17,8,10.86
P0018,2026-02-18,9,10.57
P0018,2026-02-19,11,10.86
P0018,2026-02-20,15,11.0
P0018,2026-02-21,11,10.86
P0018,2026-02-22,9,10.71
P0018,2026-02-23,12,10.71
P0018,2026-02-24,8,10.71
P0018,2026-02-25,11,11.0
P0018,2026-02-26,6,10.29
P0018,2026-02-27,10,9.57
P0018,2026-02-28,6,8.86
P0018,2026-03-01,13,9.43
P0018,2026-03-02,8,8.86
P0018,2026-03-03,10,9.14
P0018,2026-03-04,11,9.14
P0018,2026-03-05,8,9.43
P0018,2026-03-06,17,10.43
P0018,2026-03-07,11,11.14
P0018,2026-03-08,11,10.86
P0018,2026-03-09,8,10.86
P0018,2026-03-10,6,10.29
P0018,2026-03-11,5,9.43
P0018,2026-03-12,10,9.71
P0018,2026-03-13,10,8.71
P0018,2026-03-14,17,9.57
P0018,2026-03-15,14,10.0
P0018,2026-03-16,4,9.43
P0018,2026-03-17,12,10.29
P0018,2026-03-18,10,11.0
P0018,2026-03-19,12,11.29
P0018,2026-03-20,10,11.29
P0018,2026-03-21,13,10.71
P0018,2026-03-22,11,10.29
P0018,2026-03-23,10,11.14
P0018,2026-03-24,9,10.71
P0018,2026-03-25,11,10.86
P0018,2026-03-26,13,11.0
P0018,2026-03-27,15,11.71
P0018,2026-03-28,12,11.57
P0018,2026-03-29,11,11.57
P0018,2026-03-30,10,11.57
P0018,2026-03-31,6,11.14
P0018,2026-04-01,3,10.0
P0018,2026-04-02,6,9.0
P0018,2026-04-03,8,8.0
P0018,2026-04-04,13,8.14
P0018,2026-04-05,15,8.71
P0018,2026-04-06,8,8.43
P0018,2026-04-07,9,8.86
P0018,2026-04-08,8,9.57
P0018,2026-04-09,8,9.86
P0018,2026-04-10,14,10.71
P0018,2026-04-11,14,10.86
P0018,2026-04-12,9,10.0
P0018,2026-04-13,9,10.14
P0018,2026-04-14,3,9.29
P0018,2026-04-15,9,9.43
P0018,2026-04-16,14,10.29
P0018,2026-04-17,14,10.29
P0018,2026-04-18,9,9.57
P0018,2026-04-19,16,10.57
P0018,2026-04-20,4,9.86
P0018,2026-04-21,3,9.86
P0018,2026-04-22,9,9.86
P0018,2026-04-23,12,9.57
P0018,2026-04-24,8,8.71
P0018,2026-04-25,11,9.0
P0018,2026-04-26,14,8.71
P0018,2026-04-27,7,9.14
P0018,2026-04-28,11,10.29
P0018,2026-04-29,7,10.0
P0018,2026-04-30,11,9.86
P0018,2026-05-01,10,10.14
P0018,2026-05-02,13,10.43
P0018,2026-05-03,13,10.29
P0018,2026-05-04,10,10.71
P0018,2026-05-05,8,10.29
P0018,2026-05-06,10,10.71
P0018,2026-05-07,13,11.0
P0018,2026-05-08,11,11.14
P0018,2026-05-09,12,11.0
P0018,2026-05-10,15,11.29
P0018,2026-05-11,5,10.57
P0018,2026-05-12,10,10.86
P0018,2026-05-13,15,11.57
P0018,2026-05-14,11,11.29
P0018,2026-05-15,8,10.86
P0018,2026-05-16,15,11.29
P0018,2026-05-17,17,11.57
P0018,2026-05-18,11,12.43
P0018,2026-05-19,15,13.14
P0018,2026-05-20,6,11.86
P0018,2026-05-21,6,11.14
P0018,2026-05-22,13,11.86
P0018,2026-05-23,10,11.14
P0018,2026-05-24,16,11.0
P0018,2026-05-25,11,11.0
P0018,2026-05-26,8,10.0
P0018,2026-05-27,8,10.29
P0018,2026-05-28,9,10.71
P0018,2026-05-29,7,9.86
P0018,2026-05-30,11,10.0
P0018,2026-05-31,11,9.29
P0018,2026-06-01,11,9.29
P0018,2026-06-02,19,10.86
P0018,2026-06-03,14,11.71
P0018,2026-06-04,10,11.86
P0018,2026-06-05,6,11.71
P0018,2026-06-06,10,11.57
P0018,2026-06-07,16,12.29
P0018,2026-06-08,10,12.14
P0018,2026-06-09,7,10.43
P0018,2026-06-10,15,10.57
P0018,2026-06-11,5,9.86
P0018,2026-06-12,12,10.71
P0018,2026-06-13,10,10.71
P0018,2026-06-14,12,10.14
P0018,2026-06-15,7,9.71
P0018,2026-06-16,8,9.86
P0018,2026-06-17,9,9.0
P0018,2026-06-18,8,9.43
P0018,2026-06-19,8,8.86
P0018,2026-06-20,13,9.29
P0018,2026-06-21,16,9.86
P0018,2026-06-22,9,10.14
P0018,2026-06-23,10,10.43
P0018,2026-06-24,5,9.86
P0018,2026-06-25,5,9.43
P0018,2026-06-26,13,10.14
P0018,2026-06-27,12,10.0
P0018,2026-06-28,14,9.71
P0018,2026-06-29,8,9.57
P0018,2026-06-30,16,10.43
P0018,2026-07-01,6,10.57
P0018,2026-07-02,5,10.57
P0018,2026-07-03,14,10.71
P0018,2026-07-04,19,11.71
P0018,2026-07-05,6,10.57
P0018,2026-07-06,9,10.71
P0018,2026-07-07,9,9.71
P0018,2026-07-08,16,11.14
P0018,2026-07-09,9,11.71
P0018,2026-07-10,7,10.71
P0018,2026-07-11,20,10.86
P0018,2026-07-12,14,12.0
P0018,2026-07-13,17,13.14
P0018,2026-07-14,11,13.43
P0018,2026-07-15,7,12.14
P0018,2026-07-16,6,11.71
P0018,2026-07-17,15,12.86
P0018,2026-07-18,13,11.86
P0018,2026-07-19,13,11.71
P0018,2026-07-20,17,11.71
P0018,2026-07-21,5,10.86
P0018,2026-07-22,12,11.57
P0018,2026-07-23,9,12.0
P0018,2026-07-24,13,11.71
P0018,2026-07-25,12,11.57
P0019,2025-07-26,51,51.0
P0019,2025-07-27,58,54.5
P0019,2025-07-28,38,49.0
P0019,2025-07-29,48,48.75
P0019,2025-07-30,48,48.6
P0019,2025-07-31,53,49.33
P0019,2025-08-01,51,49.57
P0019,2025-08-02,55,50.14
P0019,2025-08-03,59,50.29
P0019,2025-08-04,45,51.29
P0019,2025-08-05,33,49.14
P0019,2025-08-06,48,49.14
P0019,2025-08-07,43,47.71
P0019,2025-08-08,46,47.0
P0019,2025-08-09,58,47.43
P0019,2025-08-10,54,46.71
P0019,2025-08-11,37,45.57
P0019,2025-08-12,36,46.0
P0019,2025-08-13,49,46.14
P0019,2025-08-14,40,45.71
P0019,2025-08-15,44,45.43
P0019,2025-08-16,51,44.43
P0019,2025-08-17,46,43.29
P0019,2025-08-18,57,46.14
P0019,2025-08-19,46,47.57
P0019,2025-08-20,36,45.71
P0019,2025-08-21,55,47.86
P0019,2025-08-22,70,51.57
P0019,2025-08-23,57,52.43
P0019,2025-08-24,52,53.29
P0019,2025-08-25,30,49.43
P0019,2025-08-26,41,48.71
P0019,2025-08-27,50,50.71
P0019,2025-08-28,40,48.57
P0019,2025-08-29,58,46.86
P0019,2025-08-30,61,47.43
P0019,2025-08-31,61,48.71
P0019,2025-09-01,51,51.71
P0019,2025-09-02,50,53.0
P0019,2025-09-03,39,51.43
P0019,2025-09-04,47,52.43
P0019,2025-09-05,50,51.29
P0019,2025-09-06,51,49.86
P0019,2025-09-07,42,47.14
P0019,2025-09-08,42,45.86
P0019,2025-09-09,37,44.0
P0019,2025-09-10,36,43.57
P0019,2025-09-11,41,42.71
P0019,2025-09-12,56,43.57
P0019,2025-09-13,73,46.71
P0019,2025-09-14,48,47.57
P0019,2025-09-15,51,48.86
P0019,2025-09-16,31,48.0
P0019,2025-09-17,52,50.29
P0019,2025-09-18,50,51.57
P0019,2025-09-19,51,50.86
P0019,2025-09-20,62,49.29
P0019,2025-09-21,64,51.57
P0019,2025-09-22,38,49.71
P0019,2025-09-23,49,52.29
P0019,2025-09-24,55,52.71
P0019,2025-09-25,49,52.57
P0019,2025-09-26,58,53.57
P0019,2025-09-27,49,51.71
P0019,2025-09-28,53,50.14
P0019,2025-09-29,40,50.43
P0019,2025-09-30,41,49.29
P0019,2025-10-01,44,47.71
P0019,2025-10-02,46,47.29
P0019,2025-10-03,69,48.86
P0019,2025-10-04,43,48.0
P0019,2025-10-05,66,49.86
P0019,2025-10-06,53,51.71
P0019,2025-10-07,45,52.29
P0019,2025-10-08,61,54.71
P0019,2025-10-09,42,54.14
P0019,2025-10-10,56,52.29
P0019,2025-10-11,58,54.43
P0019,2025-10-12,46,51.57
P0019,2025-10-13,45,50.43
P0019,2025-10-14,47,50.71
P0019,2025-10-15,44,48.29
P0019,2025-10-16,45,48.71
P0019,2025-10-17,51,48.0
P0019,2025-10-18,57,47.86
P0019,2025-10-19,82,53.0
P0019,2025-10-20,49,53.57
P0019,2025-10-21,53,54.43
P0019,2025-10-22,46,54.71
P0019,2025-10-23,53,55.86
P0019,2025-10-24,67,58.14
P0019,2025-10-25,45,56.43
P0019,2025-10-26,54,52.43
P0019,2025-10-27,37,50.71
P0019,2025-10-28,37,48.43
P0019,2025-10-29,50,49.0
P0019,2025-10-30,38,46.86
P0019,2025-10-31,43,43.43
P0019,2025-11-01,100,51.29
P0019,2025-11-02,84,55.57
P0019,2025-11-03,65,59.57
P0019,2025-11-04,84,66.29
P0019,2025-11-05,65,68.43
P0019,2025-11-06,67,72.57
P0019,2025-11-07,81,78.0
P0019,2025-11-08,77,74.71
P0019,2025-11-09,78,73.86
P0019,2025-11-10,70,74.57
P0019,2025-11-11,68,72.29
P0019,2025-11-12,62,71.86
P0019,2025-11-13,78,73.43
P0019,2025-11-14,91,74.86
P0019,2025-11-15,79,75.14
P0019,2025-11-16,85,76.14
P0019,2025-11-17,74,76.71
P0019,2025-11-18,62,75.86
P0019,2025-11-19,58,75.29
P0019,2025-11-20,66,73.57
P0019,2025-11-21,83,72.43
P0019,2025-11-22,103,75.86
P0019,2025-11-23,90,76.57
P0019,2025-11-24,57,74.14
P0019,2025-11-25,64,74.43
P0019,2025-11-26,63,75.14
P0019,2025-11-27,76,76.57
P0019,2025-11-28,100,79.0
P0019,2025-11-29,97,78.14
P0019,2025-11-30,72,75.57
P0019,2025-12-01,55,75.29
P0019,2025-12-02,72,76.43
P0019,2025-12-03,65,76.71
P0019,2025-12-04,69,75.71
P0019,2025-12-05,85,73.57
P0019,2025-12-06,89,72.43
P0019,2025-12-07,90,75.0
P0019,2025-12-08,76,78.0
P0019,2025-12-09,72,78.0
P0019,2025-12-10,78,79.86
P0019,2025-12-11,54,77.71
P0019,2025-12-12,80,77.0
P0019,2025-12-13,98,78.29
P0019,2025-12-14,75,76.14
P0019,2025-12-15,63,74.29
P0019,2025-12-16,65,73.29
P0019,2025-12-17,73,72.57
P0019,2025-12-18,70,74.86
P0019,2025-12-19,82,75.14
P0019,2025-12-20,74,71.71
P0019,2025-12-21,85,73.14
P0019,2025-12-22,71,74.29
P0019,2025-12-23,71,75.14
P0019,2025-12-24,74,75.29
P0019,2025-12-25,75,76.0
P0019,2025-12-26,82,76.0
P0019,2025-12-27,73,75.86
P0019,2025-12-28,88,76.29
P0019,2025-12-29,72,76.43
P0019,2025-12-30,70,76.29
P0019,2025-12-31,76,76.57
P0019,2026-01-01,43,72.0
P0019,2026-01-02,50,67.43
P0019,2026-01-03,46,63.57
P0019,2026-01-04,45,57.43
P0019,2026-01-05,27,51.0
P0019,2026-01-06,33,45.71
P0019,2026-01-07,31,39.29
P0019,2026-01-08,31,37.57
P0019,2026-01-09,44,36.71
P0019,2026-01-10,53,37.71
P0019,2026-01-11,44,37.57
P0019,2026-01-12,40,39.43
P0019,2026-01-13,37,40.0
P0019,2026-01-14,42,41.57
P0019,2026-01-15,39,42.71
P0019,2026-01-16,41,42.29
P0019,2026-01-17,52,42.14
P0019,2026-01-18,35,40.86
P0019,2026-01-19,45,41.57
P0019,2026-01-20,28,40.29
P0019,2026-01-21,39,39.86
P0019,2026-01-22,26,38.0
P0019,2026-01-23,38,37.57
P0019,2026-01-24,42,36.14
P0019,2026-01-25,41,37.0
P0019,2026-01-26,27,34.43
P0019,2026-01-27,36,35.57
P0019,2026-01-28,47,36.71
P0019,2026-01-29,32,37.57
P0019,2026-01-30,43,38.29
P0019,2026-01-31,47,39.0
P0019,2026-02-01,47,39.86
P0019,2026-02-02,36,41.14
P0019,2026-02-03,46,42.57
P0019,2026-02-04,39,41.43
P0019,2026-02-05,33,41.57
P0019,2026-02-06,46,42.0
P0019,2026-02-07,41,41.14
P0019,2026-02-08,45,40.86
P0019,2026-02-09,44,42.0
P0019,2026-02-10,30,39.71
P0019,2026-02-11,46,40.71
P0019,2026-02-12,29,40.14
P0019,2026-02-13,54,41.29
P0019,2026-02-14,42,41.43
P0019,2026-02-15,33,39.71
P0019,2026-02-16,42,39.43
P0019,2026-02-17,32,39.71
P0019,2026-02-18,45,39.57
P0019,2026-02-19,49,42.43
P0019,2026-02-20,39,40.29
P0019,2026-02-21,53,41.86
P0019,2026-02-22,35,42.14
P0019,2026-02-23,38,41.57
P0019,2026-02-24,31,41.43
P0019,2026-02-25,39,40.57
P0019,2026-02-26,36,38.71
P0019,2026-02-27,52,40.57
P0019,2026-02-28,43,39.14
P0019,2026-03-01,51,41.43
P0019,2026-03-02,42,42.0
P0019,2026-03-03,59,46.0
P0019,2026-03-04,47,47.14
P0019,2026-03-05,41,47.86
P0019,2026-03-06,66,49.86
P0019,2026-03-07,58,52.0
P0019,2026-03-08,60,53.29
P0019,2026-03-09,56,55.29
P0019,2026-03-10,42,52.86
P0019,2026-03-11,30,50.43
P0019,2026-03-12,50,51.71
P0019,2026-03-13,54,50.0
P0019,2026-03-14,54,49.43
P0019,2026-03-15,56,48.86
P0019,2026-03-16,59,49.29
P0019,2026-03-17,46,49.86
P0019,2026-03-18,42,51.57
P0019,2026-03-19,46,51.0
P0019,2026-03-20,57,51.43
P0019,2026-03-21,75,54.43
P0019,2026-03-22,58,54.71
P0019,2026-03-23,52,53.71
P0019,2026-03-24,51,54.43
P0019,2026-03-25,35,53.43
P0019,2026-03-26,37,52.14
P0019,2026-03-27,52,51.43
P0019,2026-03-28,52,48.14
P0019,2026-03-29,53,47.43
P0019,2026-03-30,44,46.29
P0019,2026-03-31,48,45.86
P0019,2026-04-01,35,45.86
P0019,2026-04-02,42,46.57
P0019,2026-04-03,78,50.29
P0019,2026-04-04,48,49.71
P0019,2026-04-05,52,49.57
P0019,2026-04-06,43,49.43
P0019,2026-04-07,44,48.86
P0019,2026-04-08,49,50.86
P0019,2026-04-09,37,50.14
P0019,2026-04-10,57,47.14
P0019,2026-04-11,59,48.71
P0019,2026-04-12,64,50.43
P0019,2026-04-13,48,51.14
P0019,2026-04-14,50,52.0
P0019,2026-04-15,38,50.43
P0019,2026-04-16,33,49.86
P0019,2026-04-17,55,49.57
P0019,2026-04-18,53,48.71
P0019,2026-04-19,65,48.86
P0019,2026-04-20,43,48.14
P0019,2026-04-21,47,47.71
P0019,2026-04-22,47,49.0
P0019,2026-04-23,52,51.71
P0019,2026-04-24,60,52.43
P0019,2026-04-25,50,52.0
P0019,2026-04-26,46,49.29
P0019,2026-04-27,55,51.0
P0019,2026-04-28,39,49.86
P0019,2026-04-29,43,49.29
P0019,2026-04-30,53,49.43
P0019,2026-05-01,58,49.14
P0019,2026-05-02,39,47.57
P0019,2026-05-03,66,50.43
P0019,2026-05-04,39,48.14
P0019,2026-05-05,39,48.14
P0019,2026-05-06,45,48.43
P0019,2026-05-07,49,47.86
P0019,2026-05-08,50,46.71
P0019,2026-05-09,54,48.86
P0019,2026-05-10,62,48.29
P0019,2026-05-11,53,50.29
P0019,2026-05-12,38,50.14
P0019,2026-05-13,41,49.57
P0019,2026-05-14,41,48.43
P0019,2026-05-15,52,48.71
P0019,2026-05-16,62,49.86
P0019,2026-05-17,55,48.86
P0019,2026-05-18,48,48.14
P0019,2026-05-19,50,49.86
P0019,2026-05-20,44,50.29
P0019,2026-05-21,35,49.43
P0019,2026-05-22,46,48.57
P0019,2026-05-23,75,50.43
P0019,2026-05-24,54,50.29
P0019,2026-05-25,46,50.0
P0019,2026-05-26,55,50.71
P0019,2026-05-27,53,52.0
P0019,2026-05-28,36,52.14
P0019,2026-05-29,63,54.57
P0019,2026-05-30,59,52.29
P0019,2026-05-31,44,50.86
P0019,2026-06-01,39,49.86
P0019,2026-06-02,45,48.43
P0019,2026-06-03,42,46.86
P0019,2026-06-04,45,48.14
P0019,2026-06-05,55,47.0
P0019,2026-06-06,48,45.43
P0019,2026-06-07,54,46.86
P0019,2026-06-08,39,46.86
P0019,2026-06-09,35,45.43
P0019,2026-06-10,37,44.71
P0019,2026-06-11,48,45.14
P0019,2026-06-12,65,46.57
P0019,2026-06-13,68,49.43
P0019,2026-06-14,72,52.0
P0019,2026-06-15,40,52.14
P0019,2026-06-16,49,54.14
P0019,2026-06-17,46,55.43
P0019,2026-06-18,41,54.43
P0019,2026-06-19,57,53.29
P0019,2026-06-20,56,51.57
P0019,2026-06-21,58,49.57
P0019,2026-06-22,33,48.57
P0019,2026-06-23,48,48.43
P0019,2026-06-24,41,47.71
P0019,2026-06-25,62,50.71
P0019,2026-06-26,51,49.86
P0019,2026-06-27,49,48.86
P0019,2026-06-28,48,47.43
P0019,2026-06-29,46,49.29
P0019,2026-06-30,38,47.86
P0019,2026-07-01,43,48.14
P0019,2026-07-02,44,45.57
P0019,2026-07-03,69,48.14
P0019,2026-07-04,53,48.71
P0019,2026-07-05,51,49.14
P0019,2026-07-06,50,49.71
P0019,2026-07-07,40,50.0
P0019,2026-07-08,35,48.86
P0019,2026-07-09,35,47.57
P0019,2026-07-10,62,46.57
P0019,2026-07-11,57,47.14
P0019,2026-07-12,58,48.14
P0019,2026-07-13,34,45.86
P0019,2026-07-14,43,46.29
P0019,2026-07-15,63,50.29
P0019,2026-07-16,41,51.14
P0019,2026-07-17,52,49.71
P0019,2026-07-18,69,51.43
P0019,2026-07-19,69,53.0
P0019,2026-07-20,41,54.0
P0019,2026-07-21,41,53.71
P0019,2026-07-22,40,50.43
P0019,2026-07-23,43,50.71
P0019,2026-07-24,53,50.86
P0019,2026-07-25,61,49.71
P0020,2025-07-26,61,61.0
P0020,2025-07-27,56,58.5
P0020,2025-07-28,42,53.0
P0020,2025-07-29,53,53.0
P0020,2025-07-30,48,52.0
P0020,2025-07-31,45,50.83
P0020,2025-08-01,65,52.86
P0020,2025-08-02,47,50.86
P0020,2025-08-03,67,52.43
P0020,2025-08-04,42,52.43
P0020,2025-08-05,54,52.57
P0020,2025-08-06,49,52.71
P0020,2025-08-07,48,53.14
P0020,2025-08-08,70,53.86
P0020,2025-08-09,50,54.29
P0020,2025-08-10,40,50.43
P0020,2025-08-11,49,51.43
P0020,2025-08-12,47,50.43
P0020,2025-08-13,43,49.57
P0020,2025-08-14,44,49.0
P0020,2025-08-15,54,46.71
P0020,2025-08-16,61,48.29
P0020,2025-08-17,44,48.86
P0020,2025-08-18,47,48.57
P0020,2025-08-19,39,47.43
P0020,2025-08-20,43,47.43
P0020,2025-08-21,53,48.71
P0020,2025-08-22,56,49.0
P0020,2025-08-23,58,48.57
P0020,2025-08-24,76,53.14
P0020,2025-08-25,41,52.29
P0020,2025-08-26,57,54.86
P0020,2025-08-27,55,56.57
P0020,2025-08-28,40,54.71
P0020,2025-08-29,54,54.43
P0020,2025-08-30,62,55.0
P0020,2025-08-31,41,50.0
P0020,2025-09-01,55,52.0
P0020,2025-09-02,38,49.29
P0020,2025-09-03,52,48.86
P0020,2025-09-04,47,49.86
P0020,2025-09-05,50,49.29
P0020,2025-09-06,45,46.86
P0020,2025-09-07,51,48.29
P0020,2025-09-08,36,45.57
P0020,2025-09-09,34,45.0
P0020,2025-09-10,41,43.43
P0020,2025-09-11,51,44.0
P0020,2025-09-12,58,45.14
P0020,2025-09-13,62,47.57
P0020,2025-09-14,62,49.14
P0020,2025-09-15,42,50.0
P0020,2025-09-16,48,52.0
P0020,2025-09-17,40,51.86
P0020,2025-09-18,42,50.57
P0020,2025-09-19,52,49.71
P0020,2025-09-20,66,50.29
P0020,2025-09-21,60,50.0
P0020,2025-09-22,40,49.71
P0020,2025-09-23,52,50.29
P0020,2025-09-24,40,50.29
P0020,2025-09-25,43,50.43
P0020,2025-09-26,71,53.14
P0020,2025-09-27,56,51.71
P0020,2025-09-28,65,52.43
P0020,2025-09-29,44,53.0
P0020,2025-09-30,36,50.71
P0020,2025-10-01,49,52.0
P0020,2025-10-02,45,52.29
P0020,2025-10-03,60,50.71
P0020,2025-10-04,79,54.0
P0020,2025-10-05,47,51.43
P0020,2025-10-06,49,52.14
P0020,2025-10-07,47,53.71
P0020,2025-10-08,44,53.0
P0020,2025-10-09,46,53.14
P0020,2025-10-10,50,51.71
P0020,2025-10-11,46,47.0
P0020,2025-10-12,52,47.71
P0020,2025-10-13,42,46.71
P0020,2025-10-14,47,46.71
P0020,2025-10-15,51,47.71
P0020,2025-10-16,48,48.0
P0020,2025-10-17,57,49.0
P0020,2025-10-18,61,51.14
P0020,2025-10-19,52,51.14
P0020,2025-10-20,45,51.57
P0020,2025-10-21,45,51.29
P0020,2025-10-22,44,50.29
P0020,2025-10-23,51,50.71
P0020,2025-10-24,53,50.14
P0020,2025-10-25,61,50.14
P0020,2025-10-26,66,52.14
P0020,2025-10-27,40,51.43
P0020,2025-10-28,52,52.43
P0020,2025-10-29,46,52.71
P0020,2025-10-30,44,51.71
P0020,2025-10-31,68,53.86
P0020,2025-11-01,87,57.57
P0020,2025-11-02,80,59.57
P0020,2025-11-03,85,66.0
P0020,2025-11-04,73,69.0
P0020,2025-11-05,63,71.43
P0020,2025-11-06,49,72.14
P0020,2025-11-07,87,74.86
P0020,2025-11-08,63,71.43
P0020,2025-11-09,81,71.57
P0020,2025-11-10,89,72.14
P0020,2025-11-11,89,74.43
P0020,2025-11-12,69,75.29
P0020,2025-11-13,76,79.14
P0020,2025-11-14,63,75.71
P0020,2025-11-15,79,78.0
P0020,2025-11-16,93,79.71
P0020,2025-11-17,46,73.57
P0020,2025-11-18,68,70.57
P0020,2025-11-19,56,68.71
P0020,2025-11-20,68,67.57
P0020,2025-11-21,81,70.14
P0020,2025-11-22,66,68.29
P0020,2025-11-23,67,64.57
P0020,2025-11-24,71,68.14
P0020,2025-11-25,64,67.57
P0020,2025-11-26,57,67.71
P0020,2025-11-27,59,66.43
P0020,2025-11-28,82,66.57
P0020,2025-11-29,82,68.86
P0020,2025-11-30,82,71.0
P0020,2025-12-01,73,71.29
P0020,2025-12-02,65,71.43
P0020,2025-12-03,71,73.43
P0020,2025-12-04,75,75.71
P0020,2025-12-05,91,77.0
P0020,2025-12-06,86,77.57
P0020,2025-12-07,91,78.86
P0020,2025-12-08,68,78.14
P0020,2025-12-09,68,78.57
P0020,2025-12-10,62,77.29
P0020,2025-12-11,70,76.57
P0020,2025-12-12,71,73.71
P0020,2025-12-13,77,72.43
P0020,2025-12-14,88,72.0
P0020,2025-12-15,59,70.71
P0020,2025-12-16,64,70.14
P0020,2025-12-17,66,70.71
P0020,2025-12-18,58,69.0
P0020,2025-12-19,79,70.14
P0020,2025-12-20,95,72.71
P0020,2025-12-21,79,71.43
P0020,2025-12-22,67,72.57
P0020,2025-12-23,71,73.57
P0020,2025-12-24,53,71.71
P0020,2025-12-25,65,72.71
P0020,2025-12-26,57,69.57
P0020,2025-12-27,66,65.43
P0020,2025-12-28,74,64.71
P0020,2025-12-29,70,65.14
P0020,2025-12-30,63,64.0
P0020,2025-12-31,77,67.43
P0020,2026-01-01,47,64.86
P0020,2026-01-02,53,64.29
P0020,2026-01-03,43,61.0
P0020,2026-01-04,48,57.29
P0020,2026-01-05,54,55.0
P0020,2026-01-06,35,51.0
P0020,2026-01-07,47,46.71
P0020,2026-01-08,36,45.14
P0020,2026-01-09,44,43.86
P0020,2026-01-10,50,44.86
P0020,2026-01-11,45,44.43
P0020,2026-01-12,43,42.86
P0020,2026-01-13,40,43.57
P0020,2026-01-14,34,41.71
P0020,2026-01-15,23,39.86
P0020,2026-01-16,49,40.57
P0020,2026-01-17,51,40.71
P0020,2026-01-18,47,41.0
P0020,2026-01-19,44,41.14
P0020,2026-01-20,35,40.43
P0020,2026-01-21,40,41.29
P0020,2026-01-22,41,43.86
P0020,2026-01-23,42,42.86
P0020,2026-01-24,44,41.86
P0020,2026-01-25,49,42.14
P0020,2026-01-26,40,41.57
P0020,2026-01-27,36,41.71
P0020,2026-01-28,38,41.43
P0020,2026-01-29,37,40.86
P0020,2026-01-30,45,41.29
P0020,2026-01-31,42,41.0
P0020,2026-02-01,47,40.71
P0020,2026-02-02,43,41.14
P0020,2026-02-03,32,40.57
P0020,2026-02-04,41,41.0
P0020,2026-02-05,34,40.57
P0020,2026-02-06,46,40.71
P0020,2026-02-07,44,41.0
P0020,2026-02-08,46,40.86
P0020,2026-02-09,47,41.43
P0020,2026-02-10,38,42.29
P0020,2026-02-11,34,41.29
P0020,2026-02-12,33,41.14
P0020,2026-02-13,45,41.0
P0020,2026-02-14,41,40.57
P0020,2026-02-15,55,41.86
P0020,2026-02-16,27,39.0
P0020,2026-02-17,54,41.29
P0020,2026-02-18,31,40.86
P0020,2026-02-19,47,42.86
P0020,2026-02-20,58,44.71
P0020,2026-02-21,48,45.71
P0020,2026-02-22,49,44.86
P0020,2026-02-23,31,45.43
P0020,2026-02-24,39,43.29
P0020,2026-02-25,29,43.0
P0020,2026-02-26,41,42.14
P0020,2026-02-27,35,38.86
P0020,2026-02-28,55,39.86
P0020,2026-03-01,48,39.71
P0020,2026-03-02,36,40.43
P0020,2026-03-03,39,40.43
P0020,2026-03-04,47,43.0
P0020,2026-03-05,35,42.14
P0020,2026-03-06,62,46.0
P0020,2026-03-07,64,47.29
P0020,2026-03-08,60,49.0
P0020,2026-03-09,39,49.43
P0020,2026-03-10,38,49.29
P0020,2026-03-11,42,48.57
P0020,2026-03-12,55,51.43
P0020,2026-03-13,48,49.43
P0020,2026-03-14,66,49.71
P0020,2026-03-15,52,48.57
P0020,2026-03-16,44,49.29
P0020,2026-03-17,44,50.14
P0020,2026-03-18,42,50.14
P0020,2026-03-19,47,49.0
P0020,2026-03-20,60,50.71
P0020,2026-03-21,43,47.43
P0020,2026-03-22,69,49.86
P0020,2026-03-23,39,49.14
P0020,2026-03-24,39,48.43
P0020,2026-03-25,35,47.43
P0020,2026-03-26,53,48.29
P0020,2026-03-27,54,47.43
P0020,2026-03-28,50,48.43
P0020,2026-03-29,49,45.57
P0020,2026-03-30,54,47.71
P0020,2026-03-31,42,48.14
P0020,2026-04-01,64,52.29
P0020,2026-04-02,49,51.71
P0020,2026-04-03,57,52.14
P0020,2026-04-04,64,54.14
P0020,2026-04-05,59,55.57
P0020,2026-04-06,38,53.29
P0020,2026-04-07,37,52.57
P0020,2026-04-08,43,49.57
P0020,2026-04-09,39,48.14
P0020,2026-04-10,76,50.86
P0020,2026-04-11,63,50.71
P0020,2026-04-12,43,48.43
P0020,2026-04-13,52,50.43
P0020,2026-04-14,46,51.71
P0020,2026-04-15,46,52.14
P0020,2026-04-16,39,52.14
P0020,2026-04-17,56,49.29
P0020,2026-04-18,63,49.29
P0020,2026-04-19,50,50.29
P0020,2026-04-20,33,47.57
P0020,2026-04-21,48,47.86
P0020,2026-04-22,32,45.86
P0020,2026-04-23,53,47.86
P0020,2026-04-24,60,48.43
P0020,2026-04-25,55,47.29
P0020,2026-04-26,48,47.0
P0020,2026-04-27,42,48.29
P0020,2026-04-28,44,47.71
P0020,2026-04-29,46,49.71
P0020,2026-04-30,49,49.14
P0020,2026-05-01,63,49.57
P0020,2026-05-02,55,49.57
P0020,2026-05-03,59,51.14
P0020,2026-05-04,39,50.71
P0020,2026-05-05,45,50.86
P0020,2026-05-06,44,50.57
P0020,2026-05-07,41,49.43
P0020,2026-05-08,65,49.71
P0020,2026-05-09,56,49.86
P0020,2026-05-10,50,48.57
P0020,2026-05-11,54,50.71
P0020,2026-05-12,39,49.86
P0020,2026-05-13,49,50.57
P0020,2026-05-14,31,49.14
P0020,2026-05-15,75,50.57
P0020,2026-05-16,77,53.57
P0020,2026-05-17,76,57.29
P0020,2026-05-18,47,56.29
P0020,2026-05-19,50,57.86
P0020,2026-05-20,45,57.29
P0020,2026-05-21,48,59.71
P0020,2026-05-22,60,57.57
P0020,2026-05-23,61,55.29
P0020,2026-05-24,61,53.14
P0020,2026-05-25,53,54.0
P0020,2026-05-26,34,51.71
P0020,2026-05-27,45,51.71
P0020,2026-05-28,42,50.86
P0020,2026-05-29,57,50.43
P0020,2026-05-30,52,49.14
P0020,2026-05-31,46,47.0
P0020,2026-06-01,55,47.29
P0020,2026-06-02,49,49.43
P0020,2026-06-03,34,47.86
P0020,2026-06-04,36,47.0
P0020,2026-06-05,64,48.0
P0020,2026-06-06,65,49.86
P0020,2026-06-07,77,54.29
P0020,2026-06-08,48,53.29
P0020,2026-06-09,43,52.43
P0020,2026-06-10,47,54.29
P0020,2026-06-11,33,53.86
P0020,2026-06-12,53,52.29
P0020,2026-06-13,56,51.0
P0020,2026-06-14,55,47.86
P0020,2026-06-15,38,46.43
P0020,2026-06-16,57,48.43
P0020,2026-06-17,43,47.86
P0020,2026-06-18,49,50.14
P0020,2026-06-19,60,51.14
P0020,2026-06-20,49,50.14
P0020,2026-06-21,45,48.71
P0020,2026-06-22,40,49.0
P0020,2026-06-23,58,49.14
P0020,2026-06-24,43,49.14
P0020,2026-06-25,37,47.43
P0020,2026-06-26,58,47.14
P0020,2026-06-27,61,48.86
P0020,2026-06-28,40,48.14
P0020,2026-06-29,47,49.14
P0020,2026-06-30,52,48.29
P0020,2026-07-01,47,48.86
P0020,2026-07-02,48,50.43
P0020,2026-07-03,60,50.71
P0020,2026-07-04,60,50.57
P0020,2026-07-05,55,52.71
P0020,2026-07-06,46,52.57
P0020,2026-07-07,51,52.43
P0020,2026-07-08,50,52.86
P0020,2026-07-09,51,53.29
P0020,2026-07-10,50,51.86
P0020,2026-07-11,56,51.29
P0020,2026-07-12,52,50.86
P0020,2026-07-13,48,51.14
P0020,2026-07-14,54,51.57
P0020,2026-07-15,53,52.0
P0020,2026-07-16,30,49.0
P0020,2026-07-17,63,50.86
P0020,2026-07-18,48,49.71
P0020,2026-07-19,46,48.86
P0020,2026-07-20,45,48.43
P0020,2026-07-21,59,49.14
P0020,2026-07-22,49,48.57
P0020,2026-07-23,45,50.71
P0020,2026-07-24,63,50.71
P0020,2026-07-25,50,51.0
P0021,2025-07-26,13,13.0
P0021,2025-07-27,11,12.0
P0021,2025-07-28,18,14.0
P0021,2025-07-29,15,14.25
P0021,2025-07-30,13,14.0
P0021,2025-07-31,16,14.33
P0021,2025-08-01,11,13.86
P0021,2025-08-02,16,14.29
P0021,2025-08-03,18,15.29
P0021,2025-08-04,9,14.0
P0021,2025-08-05,12,13.57
P0021,2025-08-06,10,13.14
P0021,2025-08-07,8,12.0
P0021,2025-08-08,18,13.0
P0021,2025-08-09,14,12.71
P0021,2025-08-10,18,12.71
P0021,2025-08-11,5,12.14
P0021,2025-08-12,19,13.14
P0021,2025-08-13,17,14.14
P0021,2025-08-14,10,14.43
P0021,2025-08-15,18,14.43
P0021,2025-08-16,16,14.71
P0021,2025-08-17,11,13.71
P0021,2025-08-18,9,14.29
P0021,2025-08-19,14,13.57
P0021,2025-08-20,15,13.29
P0021,2025-08-21,4,12.43
P0021,2025-08-22,19,12.57
P0021,2025-08-23,18,12.86
P0021,2025-08-24,10,12.71
P0021,2025-08-25,10,12.86
P0021,2025-08-26,11,12.43
P0021,2025-08-27,14,12.29
P0021,2025-08-28,10,13.14
P0021,2025-08-29,15,12.57
P0021,2025-08-30,20,12.86
P0021,2025-08-31,21,14.43
P0021,2025-09-01,13,14.86
P0021,2025-09-02,9,14.57
P0021,2025-09-03,11,14.14
P0021,2025-09-04,13,14.57
P0021,2025-09-05,16,14.71
P0021,2025-09-06,16,14.14
P0021,2025-09-07,11,12.71
P0021,2025-09-08,6,11.71
P0021,2025-09-09,4,11.0
P0021,2025-09-10,9,10.71
P0021,2025-09-11,6,9.71
P0021,2025-09-12,18,10.0
P0021,2025-09-13,15,9.86
P0021,2025-09-14,11,9.86
P0021,2025-09-15,13,10.86
P0021,2025-09-16,15,12.43
P0021,2025-09-17,14,13.14
P0021,2025-09-18,13,14.14
P0021,2025-09-19,14,13.57
P0021,2025-09-20,10,12.86
P0021,2025-09-21,15,13.43
P0021,2025-09-22,9,12.86
P0021,2025-09-23,17,13.14
P0021,2025-09-24,12,12.86
P0021,2025-09-25,10,12.43
P0021,2025-09-26,13,12.29
P0021,2025-09-27,12,12.57
P0021,2025-09-28,14,12.43
P0021,2025-09-29,8,12.29
P0021,2025-09-30,12,11.57
P0021,2025-10-01,11,11.43
P0021,2025-10-02,19,12.71
P0021,2025-10-03,12,12.57
P0021,2025-10-04,16,13.14
P0021,2025-10-05,20,14.0
P0021,2025-10-06,5,13.57
P0021,2025-10-07,10,13.29
P0021,2025-10-08,14,13.71
P0021,2025-10-09,10,12.43
P0021,2025-10-10,16,13.0
P0021,2025-10-11,16,13.0
P0021,2025-10-12,13,12.0
P0021,2025-10-13,18,13.86
P0021,2025-10-14,9,13.71
P0021,2025-10-15,13,13.57
P0021,2025-10-16,16,14.43
P0021,2025-10-17,18,14.71
P0021,2025-10-18,18,15.0
P0021,2025-10-19,20,16.0
P0021,2025-10-20,13,15.29
P0021,2025-10-21,12,15.71
P0021,2025-10-22,19,16.57
P0021,2025-10-23,12,16.0
P0021,2025-10-24,13,15.29
P0021,2025-10-25,14,14.71
P0021,2025-10-26,8,13.0
P0021,2025-10-27,12,12.86
P0021,2025-10-28,12,12.86
P0021,2025-10-29,9,11.43
P0021,2025-10-30,14,11.71
P0021,2025-10-31,18,12.43
P0021,2025-11-01,29,14.57
P0021,2025-11-02,21,16.43
P0021,2025-11-03,11,16.29
P0021,2025-11-04,23,17.86
P0021,2025-11-05,15,18.71
P0021,2025-11-06,26,20.43
P0021,2025-11-07,17,20.29
P0021,2025-11-08,21,19.14
P0021,2025-11-09,21,19.14
P0021,2025-11-10,16,19.86
P0021,2025-11-11,21,19.57
P0021,2025-11-12,17,19.86
P0021,2025-11-13,13,18.0
P0021,2025-11-14,23,18.86
P0021,2025-11-15,12,17.57
P0021,2025-11-16,21,17.57
P0021,2025-11-17,13,17.14
P0021,2025-11-18,7,15.14
P0021,2025-11-19,14,14.71
P0021,2025-11-20,9,14.14
P0021,2025-11-21,20,13.71
P0021,2025-11-22,11,13.57
P0021,2025-11-23,18,13.14
P0021,2025-11-24,18,13.86
P0021,2025-11-25,17,15.29
P0021,2025-11-26,20,16.14
P0021,2025-11-27,16,17.14
P0021,2025-11-28,29,18.43
P0021,2025-11-29,24,20.29
P0021,2025-11-30,23,21.0
P0021,2025-12-01,17,20.86
P0021,2025-12-02,12,20.14
P0021,2025-12-03,17,19.71
P0021,2025-12-04,11,19.0
P0021,2025-12-05,11,16.43
P0021,2025-12-06,14,15.0
P0021,2025-12-07,14,13.71
P0021,2025-12-08,9,12.57
P0021,2025-12-09,20,13.71
P0021,2025-12-10,8,12.43
P0021,2025-12-11,13,12.71
P0021,2025-12-12,23,14.43
P0021,2025-12-13,31,16.86
P0021,2025-12-14,16,17.14
P0021,2025-12-15,18,18.43
P0021,2025-12-16,17,18.0
P0021,2025-12-17,15,19.0
P0021,2025-12-18,15,19.29
P0021,2025-12-19,20,18.86
P0021,2025-12-20,17,16.86
P0021,2025-12-21,20,17.43
P0021,2025-12-22,18,17.43
P0021,2025-12-23,10,16.43
P0021,2025-12-24,14,16.29
P0021,2025-12-25,18,16.71
P0021,2025-12-26,14,15.86
P0021,2025-12-27,25,17.0
P0021,2025-12-28,17,16.57
P0021,2025-12-29,17,16.43
P0021,2025-12-30,13,16.86
P0021,2025-12-31,21,17.86
P0021,2026-01-01,6,16.14
P0021,2026-01-02,13,16.0
P0021,2026-01-03,15,14.57
P0021,2026-01-04,17,14.57
P0021,2026-01-05,9,13.43
P0021,2026-01-06,9,12.86
P0021,2026-01-07,9,11.14
P0021,2026-01-08,7,11.29
P0021,2026-01-09,7,10.43
P0021,2026-01-10,13,10.14
P0021,2026-01-11,18,10.29
P0021,2026-01-12,6,9.86
P0021,2026-01-13,19,11.29
P0021,2026-01-14,11,11.57
P0021,2026-01-15,16,12.86
P0021,2026-01-16,20,14.71
P0021,2026-01-17,13,14.71
P0021,2026-01-18,7,13.14
P0021,2026-01-19,13,14.14
P0021,2026-01-20,8,12.57
P0021,2026-01-21,10,12.43
P0021,2026-01-22,13,12.0
P0021,2026-01-23,17,11.57
P0021,2026-01-24,6,10.57
P0021,2026-01-25,14,11.57
P0021,2026-01-26,8,10.86
P0021,2026-01-27,9,11.0
P0021,2026-01-28,9,10.86
P0021,2026-01-29,13,10.86
P0021,2026-01-30,13,10.29
P0021,2026-01-31,17,11.86
P0021,2026-02-01,14,11.86
P0021,2026-02-02,16,13.0
P0021,2026-02-03,5,12.43
P0021,2026-02-04,11,12.71
P0021,2026-02-05,10,12.29
P0021,2026-02-06,16,12.71
P0021,2026-02-07,8,11.43
P0021,2026-02-08,13,11.29
P0021,2026-02-09,8,10.14
P0021,2026-02-10,11,11.0
P0021,2026-02-11,16,11.71
P0021,2026-02-12,9,11.57
P0021,2026-02-13,12,11.0
P0021,2026-02-14,15,12.0
P0021,2026-02-15,12,11.86
P0021,2026-02-16,9,12.0
P0021,2026-02-17,10,11.86
P0021,2026-02-18,18,12.14
P0021,2026-02-19,14,12.86
P0021,2026-02-20,15,13.29
P0021,2026-02-21,12,12.86
P0021,2026-02-22,11,12.71
P0021,2026-02-23,12,13.14
P0021,2026-02-24,7,12.71
P0021,2026-02-25,15,12.29
P0021,2026-02-26,12,12.0
P0021,2026-02-27,10,11.29
P0021,2026-02-28,19,12.29
P0021,2026-03-01,13,12.57
P0021,2026-03-02,7,11.86
P0021,2026-03-03,12,12.57
P0021,2026-03-04,13,12.29
P0021,2026-03-05,15,12.71
P0021,2026-03-06,15,13.43
P0021,2026-03-07,18,13.29
P0021,2026-03-08,22,14.57
P0021,2026-03-09,18,16.14
P0021,2026-03-10,9,15.71
P0021,2026-03-11,13,15.71
P0021,2026-03-12,9,14.86
P0021,2026-03-13,18,15.29
P0021,2026-03-14,12,14.43
P0021,2026-03-15,19,14.0
P0021,2026-03-16,9,12.71
P0021,2026-03-17,17,13.86
P0021,2026-03-18,17,14.43
P0021,2026-03-19,17,15.57
P0021,2026-03-20,19,15.71
P0021,2026-03-21,14,16.0
P0021,2026-03-22,28,17.29
P0021,2026-03-23,10,17.43
P0021,2026-03-24,14,17.0
P0021,2026-03-25,11,16.14
P0021,2026-03-26,10,15.14
P0021,2026-03-27,21,15.43
P0021,2026-03-28,14,15.43
P0021,2026-03-29,20,14.29
P0021,2026-03-30,10,14.29
P0021,2026-03-31,10,13.71
P0021,2026-04-01,10,13.57
P0021,2026-04-02,15,14.29
P0021,2026-04-03,15,13.43
P0021,2026-04-04,13,13.29
P0021,2026-04-05,17,12.86
P0021,2026-04-06,13,13.29
P0021,2026-04-07,16,14.14
P0021,2026-04-08,13,14.57
P0021,2026-04-09,15,14.57
P0021,2026-04-10,18,15.0
P0021,2026-04-11,16,15.43
P0021,2026-04-12,12,14.71
P0021,2026-04-13,14,14.86
P0021,2026-04-14,10,14.0
P0021,2026-04-15,13,14.0
P0021,2026-04-16,18,14.43
P0021,2026-04-17,20,14.71
P0021,2026-04-18,16,14.71
P0021,2026-04-19,11,14.57
P0021,2026-04-20,16,14.86
P0021,2026-04-21,16,15.71
P0021,2026-04-22,18,16.43
P0021,2026-04-23,13,15.71
P0021,2026-04-24,13,14.71
P0021,2026-04-25,10,13.86
P0021,2026-04-26,13,14.14
P0021,2026-04-27,13,13.71
P0021,2026-04-28,11,13.0
P0021,2026-04-29,12,12.14
P0021,2026-04-30,11,11.86
P0021,2026-05-01,22,13.14
P0021,2026-05-02,12,13.43
P0021,2026-05-03,14,13.57
P0021,2026-05-04,13,13.57
P0021,2026-05-05,11,13.57
P0021,2026-05-06,7,12.86
P0021,2026-05-07,10,12.71
P0021,2026-05-08,23,12.86
P0021,2026-05-09,17,13.57
P0021,2026-05-10,18,14.14
P0021,2026-05-11,11,13.86
P0021,2026-05-12,9,13.57
P0021,2026-05-13,6,13.43
P0021,2026-05-14,10,13.43
P0021,2026-05-15,19,12.86
P0021,2026-05-16,15,12.57
P0021,2026-05-17,14,12.0
P0021,2026-05-18,9,11.71
P0021,2026-05-19,6,11.29
P0021,2026-05-20,16,12.71
P0021,2026-05-21,15,13.43
P0021,2026-05-22,15,12.86
P0021,2026-05-23,17,13.14
P0021,2026-05-24,14,13.14
P0021,2026-05-25,14,13.86
P0021,2026-05-26,10,14.43
P0021,2026-05-27,7,13.14
P0021,2026-05-28,9,12.29
P0021,2026-05-29,22,13.29
P0021,2026-05-30,18,13.43
P0021,2026-05-31,19,14.14
P0021,2026-06-01,15,14.29
P0021,2026-06-02,16,15.14
P0021,2026-06-03,11,15.71
P0021,2026-06-04,9,15.71
P0021,2026-06-05,21,15.57
P0021,2026-06-06,10,14.43
P0021,2026-06-07,4,12.29
P0021,2026-06-08,11,11.71
P0021,2026-06-09,7,10.43
P0021,2026-06-10,20,11.71
P0021,2026-06-11,18,13.0
P0021,2026-06-12,10,11.43
P0021,2026-06-13,14,12.0
P0021,2026-06-14,12,13.14
P0021,2026-06-15,14,13.57
P0021,2026-06-16,13,14.43
P0021,2026-06-17,17,14.0
P0021,2026-06-18,14,13.43
P0021,2026-06-19,18,14.57
P0021,2026-06-20,16,14.86
P0021,2026-06-21,14,15.14
P0021,2026-06-22,15,15.29
P0021,2026-06-23,5,14.14
P0021,2026-06-24,22,14.86
P0021,2026-06-25,12,14.57
P0021,2026-06-26,22,15.14
P0021,2026-06-27,20,15.71
P0021,2026-06-28,11,15.29
P0021,2026-06-29,16,15.43
P0021,2026-06-30,5,15.43
P0021,2026-07-01,11,13.86
P0021,2026-07-02,11,13.71
P0021,2026-07-03,20,13.43
P0021,2026-07-04,13,12.43
P0021,2026-07-05,11,12.43
P0021,2026-07-06,17,12.57
P0021,2026-07-07,7,12.86
P0021,2026-07-08,9,12.57
P0021,2026-07-09,11,12.57
P0021,2026-07-10,14,11.71
P0021,2026-07-11,17,12.29
P0021,2026-07-12,18,13.29
P0021,2026-07-13,18,13.43
P0021,2026-07-14,13,14.29
P0021,2026-07-15,15,15.14
P0021,2026-07-16,16,15.86
P0021,2026-07-17,19,16.57
P0021,2026-07-18,11,15.71
P0021,2026-07-19,15,15.29
P0021,2026-07-20,16,15.0
P0021,2026-07-21,14,15.14
P0021,2026-07-22,7,14.0
P0021,2026-07-23,13,13.57
P0021,2026-07-24,14,12.86
P0021,2026-07-25,15,13.43
P0022,2025-07-26,48,48.0
P0022,2025-07-27,39,43.5
P0022,2025-07-28,33,40.0
P0022,2025-07-29,44,41.0
P0022,2025-07-30,40,40.8
P0022,2025-07-31,40,40.67
P0022,2025-08-01,47,41.57
P0022,2025-08-02,47,41.43
P0022,2025-08-03,53,43.43
P0022,2025-08-04,43,44.86
P0022,2025-08-05,37,43.86
P0022,2025-08-06,37,43.43
P0022,2025-08-07,34,42.57
P0022,2025-08-08,34,40.71
P0022,2025-08-09,50,41.14
P0022,2025-08-10,48,40.43
P0022,2025-08-11,52,41.71
P0022,2025-08-12,32,41.0
P0022,2025-08-13,33,40.43
P0022,2025-08-14,42,41.57
P0022,2025-08-15,47,43.43
P0022,2025-08-16,45,42.71
P0022,2025-08-17,37,41.14
P0022,2025-08-18,30,38.0
P0022,2025-08-19,28,37.43
P0022,2025-08-20,43,38.86
P0022,2025-08-21,31,37.29
P0022,2025-08-22,52,38.0
P0022,2025-08-23,40,37.29
P0022,2025-08-24,56,40.0
P0022,2025-08-25,41,41.57
P0022,2025-08-26,43,43.71
P0022,2025-08-27,40,43.29
P0022,2025-08-28,33,43.57
P0022,2025-08-29,40,41.86
P0022,2025-08-30,46,42.71
P0022,2025-08-31,55,42.57
P0022,2025-09-01,34,41.57
P0022,2025-09-02,39,41.0
P0022,2025-09-03,44,41.57
P0022,2025-09-04,40,42.57
P0022,2025-09-05,55,44.71
P0022,2025-09-06,44,44.43
P0022,2025-09-07,48,43.43
P0022,2025-09-08,39,44.14
P0022,2025-09-09,29,42.71
P0022,2025-09-10,37,41.71
P0022,2025-09-11,41,41.86
P0022,2025-09-12,40,39.71
P0022,2025-09-13,37,38.71
P0022,2025-09-14,45,38.29
P0022,2025-09-15,40,38.43
P0022,2025-09-16,38,39.71
P0022,2025-09-17,33,39.14
P0022,2025-09-18,35,38.29
P0022,2025-09-19,38,38.0
P0022,2025-09-20,50,39.86
P0022,2025-09-21,53,41.0
P0022,2025-09-22,40,41.0
P0022,2025-09-23,34,40.43
P0022,2025-09-24,56,43.71
P0022,2025-09-25,39,44.29
P0022,2025-09-26,49,45.86
P0022,2025-09-27,53,46.29
P0022,2025-09-28,49,45.71
P0022,2025-09-29,33,44.71
P0022,2025-09-30,38,45.29
P0022,2025-10-01,46,43.86
P0022,2025-10-02,35,43.29
P0022,2025-10-03,41,42.14
P0022,2025-10-04,44,40.86
P0022,2025-10-05,44,40.14
P0022,2025-10-06,38,40.86
P0022,2025-10-07,42,41.43
P0022,2025-10-08,25,38.43
P0022,2025-10-09,32,38.0
P0022,2025-10-10,44,38.43
P0022,2025-10-11,49,39.14
P0022,2025-10-12,52,40.29
P0022,2025-10-13,27,38.71
P0022,2025-10-14,41,38.57
P0022,2025-10-15,45,41.43
P0022,2025-10-16,36,42.0
P0022,2025-10-17,54,43.43
P0022,2025-10-18,45,42.86
P0022,2025-10-19,61,44.14
P0022,2025-10-20,45,46.71
P0022,2025-10-21,33,45.57
P0022,2025-10-22,38,44.57
P0022,2025-10-23,31,43.86
P0022,2025-10-24,49,43.14
P0022,2025-10-25,48,43.57
P0022,2025-10-26,61,43.57
P0022,2025-10-27,34,42.0
P0022,2025-10-28,39,42.86
P0022,2025-10-29,26,41.14
P0022,2025-10-30,40,42.43
P0022,2025-10-31,39,41.0
P0022,2025-11-01,76,45.0
P0022,2025-11-02,68,46.0
P0022,2025-11-03,54,48.86
P0022,2025-11-04,55,51.14
P0022,2025-11-05,53,55.0
P0022,2025-11-06,54,57.0
P0022,2025-11-07,79,62.71
P0022,2025-11-08,68,61.57
P0022,2025-11-09,54,59.57
P0022,2025-11-10,43,58.0
P0022,2025-11-11,41,56.0
P0022,2025-11-12,43,54.57
P0022,2025-11-13,58,55.14
P0022,2025-11-14,75,54.57
P0022,2025-11-15,69,54.71
P0022,2025-11-16,78,58.14
P0022,2025-11-17,46,58.57
P0022,2025-11-18,42,58.71
P0022,2025-11-19,52,60.0
P0022,2025-11-20,55,59.57
P0022,2025-11-21,67,58.43
P0022,2025-11-22,49,55.57
P0022,2025-11-23,64,53.57
P0022,2025-11-24,65,56.29
P0022,2025-11-25,46,56.86
P0022,2025-11-26,57,57.57
P0022,2025-11-27,55,57.57
P0022,2025-11-28,65,57.29
P0022,2025-11-29,58,58.57
P0022,2025-11-30,64,58.57
P0022,2025-12-01,44,55.57
P0022,2025-12-02,50,56.14
P0022,2025-12-03,49,55.0
P0022,2025-12-04,47,53.86
P0022,2025-12-05,71,54.71
P0022,2025-12-06,61,55.14
P0022,2025-12-07,49,53.0
P0022,2025-12-08,43,52.86
P0022,2025-12-09,52,53.14
P0022,2025-12-10,65,55.43
P0022,2025-12-11,44,55.0
P0022,2025-12-12,52,52.29
P0022,2025-12-13,72,53.86
P0022,2025-12-14,73,57.29
P0022,2025-12-15,52,58.57
P0022,2025-12-16,46,57.71
P0022,2025-12-17,61,57.14
P0022,2025-12-18,52,58.29
P0022,2025-12-19,46,57.43
P0022,2025-12-20,52,54.57
P0022,2025-12-21,64,53.29
P0022,2025-12-22,55,53.71
P0022,2025-12-23,58,55.43
P0022,2025-12-24,45,53.14
P0022,2025-12-25,58,54.0
P0022,2025-12-26,75,58.14
P0022,2025-12-27,65,60.0
P0022,2025-12-28,53,58.43
P0022,2025-12-29,54,58.29
P0022,2025-12-30,56,58.0
P0022,2025-12-31,72,61.86
P0022,2026-01-01,25,57.14
P0022,2026-01-02,24,49.86
P0022,2026-01-03,30,44.86
P0022,2026-01-04,39,42.86
P0022,2026-01-05,27,39.0
P0022,2026-01-06,23,34.29
P0022,2026-01-07,26,27.71
P0022,2026-01-08,29,28.29
P0022,2026-01-09,47,31.57
P0022,2026-01-10,42,33.29
P0022,2026-01-11,36,32.86
P0022,2026-01-12,34,33.86
P0022,2026-01-13,35,35.57
P0022,2026-01-14,48,38.71
P0022,2026-01-15,27,38.43
P0022,2026-01-16,43,37.86
P0022,2026-01-17,39,37.43
P0022,2026-01-18,41,38.14
P0022,2026-01-19,25,36.86
P0022,2026-01-20,39,37.43
P0022,2026-01-21,33,35.29
P0022,2026-01-22,34,36.29
P0022,2026-01-23,33,34.86
P0022,2026-01-24,29,33.43
P0022,2026-01-25,37,32.86
P0022,2026-01-26,33,34.0
P0022,2026-01-27,29,32.57
P0022,2026-01-28,30,32.14
P0022,2026-01-29,28,31.29
P0022,2026-01-30,31,31.0
P0022,2026-01-31,38,32.29
P0022,2026-02-01,41,32.86
P0022,2026-02-02,32,32.71
P0022,2026-02-03,27,32.43
P0022,2026-02-04,34,33.0
P0022,2026-02-05,32,33.57
P0022,2026-02-06,40,34.86
P0022,2026-02-07,35,34.43
P0022,2026-02-08,28,32.57
P0022,2026-02-09,30,32.29
P0022,2026-02-10,32,33.0
P0022,2026-02-11,29,32.29
P0022,2026-02-12,25,31.29
P0022,2026-02-13,39,31.14
P0022,2026-02-14,45,32.57
P0022,2026-02-15,40,34.29
P0022,2026-02-16,28,34.0
P0022,2026-02-17,39,35.0
P0022,2026-02-18,36,36.0
P0022,2026-02-19,31,36.86
P0022,2026-02-20,54,39.0
P0022,2026-02-21,40,38.29
P0022,2026-02-22,41,38.43
P0022,2026-02-23,31,38.86
P0022,2026-02-24,41,39.14
P0022,2026-02-25,40,39.71
P0022,2026-02-26,28,39.29
P0022,2026-02-27,40,37.29
P0022,2026-02-28,46,38.14
P0022,2026-03-01,49,39.29
P0022,2026-03-02,37,40.14
P0022,2026-03-03,39,39.86
P0022,2026-03-04,39,39.71
P0022,2026-03-05,38,41.14
P0022,2026-03-06,45,41.86
P0022,2026-03-07,52,42.71
P0022,2026-03-08,52,43.14
P0022,2026-03-09,30,42.14
P0022,2026-03-10,39,42.14
P0022,2026-03-11,38,42.0
P0022,2026-03-12,40,42.29
P0022,2026-03-13,46,42.43
P0022,2026-03-14,43,41.14
P0022,2026-03-15,44,40.0
P0022,2026-03-16,29,39.86
P0022,2026-03-17,35,39.29
P0022,2026-03-18,48,40.71
P0022,2026-03-19,41,40.86
P0022,2026-03-20,62,43.14
P0022,2026-03-21,56,45.0
P0022,2026-03-22,58,47.0
P0022,2026-03-23,39,48.43
P0022,2026-03-24,43,49.57
P0022,2026-03-25,51,50.0
P0022,2026-03-26,42,50.14
P0022,2026-03-27,53,48.86
P0022,2026-03-28,44,47.14
P0022,2026-03-29,58,47.14
P0022,2026-03-30,23,44.86
P0022,2026-03-31,40,44.43
P0022,2026-04-01,44,43.43
P0022,2026-04-02,34,42.29
P0022,2026-04-03,39,40.29
P0022,2026-04-04,46,40.57
P0022,2026-04-05,56,40.29
P0022,2026-04-06,35,42.0
P0022,2026-04-07,42,42.29
P0022,2026-04-08,40,41.71
P0022,2026-04-09,37,42.14
P0022,2026-04-10,46,43.14
P0022,2026-04-11,42,42.57
P0022,2026-04-12,53,42.14
P0022,2026-04-13,43,43.29
P0022,2026-04-14,39,42.86
P0022,2026-04-15,43,43.29
P0022,2026-04-16,40,43.71
P0022,2026-04-17,48,44.0
P0022,2026-04-18,47,44.71
P0022,2026-04-19,63,46.14
P0022,2026-04-20,37,45.29
P0022,2026-04-21,31,44.14
P0022,2026-04-22,32,42.57
P0022,2026-04-23,41,42.71
P0022,2026-04-24,54,43.57
P0022,2026-04-25,55,44.71
P0022,2026-04-26,58,44.0
P0022,2026-04-27,35,43.71
P0022,2026-04-28,36,44.43
P0022,2026-04-29,28,43.86
P0022,2026-04-30,35,43.0
P0022,2026-05-01,42,41.29
P0022,2026-05-02,48,40.29
P0022,2026-05-03,45,38.43
P0022,2026-05-04,31,37.86
P0022,2026-05-05,42,38.71
P0022,2026-05-06,38,40.14
P0022,2026-05-07,38,40.57
P0022,2026-05-08,41,40.43
P0022,2026-05-09,30,37.86
P0022,2026-05-10,36,36.57
P0022,2026-05-11,32,36.71
P0022,2026-05-12,43,36.86
P0022,2026-05-13,36,36.57
P0022,2026-05-14,41,37.0
P0022,2026-05-15,56,39.14
P0022,2026-05-16,47,41.57
P0022,2026-05-17,54,44.14
P0022,2026-05-18,40,45.29
P0022,2026-05-19,44,45.43
P0022,2026-05-20,32,44.86
P0022,2026-05-21,39,44.57
P0022,2026-05-22,47,43.29
P0022,2026-05-23,49,43.57
P0022,2026-05-24,39,41.43
P0022,2026-05-25,25,39.29
P0022,2026-05-26,39,38.57
P0022,2026-05-27,50,41.14
P0022,2026-05-28,45,42.0
P0022,2026-05-29,42,41.29
P0022,2026-05-30,49,41.29
P0022,2026-05-31,61,44.43
P0022,2026-06-01,34,45.71
P0022,2026-06-02,44,46.43
P0022,2026-06-03,41,45.14
P0022,2026-06-04,37,44.0
P0022,2026-06-05,41,43.86
P0022,2026-06-06,36,42.0
P0022,2026-06-07,53,40.86
P0022,2026-06-08,40,41.71
P0022,2026-06-09,38,40.86
P0022,2026-06-10,32,39.57
P0022,2026-06-11,45,40.71
P0022,2026-06-12,36,40.0
P0022,2026-06-13,52,42.29
P0022,2026-06-14,43,40.86
P0022,2026-06-15,38,40.57
P0022,2026-06-16,39,40.71
P0022,2026-06-17,35,41.14
P0022,2026-06-18,43,40.86
P0022,2026-06-19,50,42.86
P0022,2026-06-20,36,40.57
P0022,2026-06-21,53,42.0
P0022,2026-06-22,32,41.14
P0022,2026-06-23,39,41.14
P0022,2026-06-24,31,40.57
P0022,2026-06-25,37,39.71
P0022,2026-06-26,50,39.71
P0022,2026-06-27,44,40.86
P0022,2026-06-28,41,39.14
P0022,2026-06-29,27,38.43
P0022,2026-06-30,33,37.57
P0022,2026-07-01,32,37.71
P0022,2026-07-02,34,37.29
P0022,2026-07-03,54,37.86
P0022,2026-07-04,37,36.86
P0022,2026-07-05,62,39.86
P0022,2026-07-06,34,40.86
P0022,2026-07-07,32,40.71
P0022,2026-07-08,38,41.57
P0022,2026-07-09,39,42.29
P0022,2026-07-10,45,41.0
P0022,2026-07-11,57,43.86
P0022,2026-07-12,61,43.71
P0022,2026-07-13,42,44.86
P0022,2026-07-14,38,45.71
P0022,2026-07-15,39,45.86
P0022,2026-07-16,41,46.14
P0022,2026-07-17,43,45.86
P0022,2026-07-18,49,44.71
P0022,2026-07-19,48,42.86
P0022,2026-07-20,42,42.86
P0022,2026-07-21,34,42.29
P0022,2026-07-22,34,41.57
P0022,2026-07-23,33,40.43
P0022,2026-07-24,40,40.0
P0022,2026-07-25,37,38.29
P0023,2025-07-26,10,10.0
P0023,2025-07-27,7,8.5
P0023,2025-07-28,7,8.0
P0023,2025-07-29,10,8.5
P0023,2025-07-30,8,8.4
P0023,2025-07-31,9,8.5
P0023,2025-08-01,14,9.29
P0023,2025-08-02,11,9.43
P0023,2025-08-03,14,10.43
P0023,2025-08-04,9,10.71
P0023,2025-08-05,12,11.0
P0023,2025-08-06,9,11.14
P0023,2025-08-07,8,11.0
P0023,2025-08-08,7,10.0
P0023,2025-08-09,10,9.86
P0023,2025-08-10,7,8.86
P0023,2025-08-11,6,8.43
P0023,2025-08-12,7,7.71
P0023,2025-08-13,10,7.86
P0023,2025-08-14,3,7.14
P0023,2025-08-15,7,7.14
P0023,2025-08-16,9,7.0
P0023,2025-08-17,14,8.0
P0023,2025-08-18,5,7.86
P0023,2025-08-19,12,8.57
P0023,2025-08-20,11,8.71
P0023,2025-08-21,9,9.57
P0023,2025-08-22,11,10.14
P0023,2025-08-23,10,10.29
P0023,2025-08-24,10,9.71
P0023,2025-08-25,8,10.14
P0023,2025-08-26,10,9.86
P0023,2025-08-27,5,9.0
P0023,2025-08-28,8,8.86
P0023,2025-08-29,14,9.29
P0023,2025-08-30,13,9.71
P0023,2025-08-31,11,9.86
P0023,2025-09-01,11,10.29
P0023,2025-09-02,9,10.14
P0023,2025-09-03,8,10.57
P0023,2025-09-04,10,10.86
P0023,2025-09-05,12,10.57
P0023,2025-09-06,8,9.86
P0023,2025-09-07,13,10.14
P0023,2025-09-08,12,10.29
P0023,2025-09-09,7,10.0
P0023,2025-09-10,13,10.71
P0023,2025-09-11,6,10.14
P0023,2025-09-12,12,10.14
P0023,2025-09-13,11,10.57
P0023,2025-09-14,10,10.14
P0023,2025-09-15,10,9.86
P0023,2025-09-16,9,10.14
P0023,2025-09-17,6,9.14
P0023,2025-09-18,13,10.14
P0023,2025-09-19,13,10.29
P0023,2025-09-20,15,10.86
P0023,2025-09-21,9,10.71
P0023,2025-09-22,10,10.71
P0023,2025-09-23,9,10.71
P0023,2025-09-24,6,10.71
P0023,2025-09-25,6,9.71
P0023,2025-09-26,9,9.14
P0023,2025-09-27,10,8.43
P0023,2025-09-28,13,9.0
P0023,2025-09-29,6,8.43
P0023,2025-09-30,11,8.71
P0023,2025-10-01,4,8.43
P0023,2025-10-02,8,8.71
P0023,2025-10-03,11,9.0
P0023,2025-10-04,5,8.29
P0023,2025-10-05,10,7.86
P0023,2025-10-06,10,8.43
P0023,2025-10-07,14,8.86
P0023,2025-10-08,1,8.43
P0023,2025-10-09,14,9.29
P0023,2025-10-10,15,9.86
P0023,2025-10-11,10,10.57
P0023,2025-10-12,9,10.43
P0023,2025-10-13,13,10.86
P0023,2025-10-14,7,9.86
P0023,2025-10-15,16,12.0
P0023,2025-10-16,9,11.29
P0023,2025-10-17,9,10.43
P0023,2025-10-18,9,10.29
P0023,2025-10-19,12,10.71
P0023,2025-10-20,8,10.0
P0023,2025-10-21,7,10.0
P0023,2025-10-22,8,8.86
P0023,2025-10-23,11,9.14
P0023,2025-10-24,8,9.0
P0023,2025-10-25,12,9.43
P0023,2025-10-26,8,8.86
P0023,2025-10-27,8,8.86
P0023,2025-10-28,8,9.0
P0023,2025-10-29,10,9.29
P0023,2025-10-30,6,8.57
P0023,2025-10-31,9,8.71
P0023,2025-11-01,17,9.43
P0023,2025-11-02,14,10.29
P0023,2025-11-03,14,11.14
P0023,2025-11-04,12,11.71
P0023,2025-11-05,7,11.29
P0023,2025-11-06,20,13.29
P0023,2025-11-07,13,13.86
P0023,2025-11-08,14,13.43
P0023,2025-11-09,15,13.57
P0023,2025-11-10,10,13.0
P0023,2025-11-11,7,12.29
P0023,2025-11-12,14,13.29
P0023,2025-11-13,10,11.86
P0023,2025-11-14,20,12.86
P0023,2025-11-15,15,13.0
P0023,2025-11-16,12,12.57
P0023,2025-11-17,14,13.14
P0023,2025-11-18,10,13.57
P0023,2025-11-19,16,13.86
P0023,2025-11-20,6,13.29
P0023,2025-11-21,17,12.86
P0023,2025-11-22,10,12.14
P0023,2025-11-23,12,12.14
P0023,2025-11-24,16,12.43
P0023,2025-11-25,9,12.29
P0023,2025-11-26,11,11.57
P0023,2025-11-27,11,12.29
P0023,2025-11-28,14,11.86
P0023,2025-11-29,15,12.57
P0023,2025-11-30,12,12.57
P0023,2025-12-01,14,12.29
P0023,2025-12-02,14,13.0
P0023,2025-12-03,13,13.29
P0023,2025-12-04,16,14.0
P0023,2025-12-05,7,13.0
P0023,2025-12-06,12,12.57
P0023,2025-12-07,11,12.43
P0023,2025-12-08,13,12.29
P0023,2025-12-09,14,12.29
P0023,2025-12-10,9,11.71
P0023,2025-12-11,14,11.43
P0023,2025-12-12,19,13.14
P0023,2025-12-13,11,13.0
P0023,2025-12-14,15,13.57
P0023,2025-12-15,13,13.57
P0023,2025-12-16,15,13.71
P0023,2025-12-17,16,14.71
P0023,2025-12-18,15,14.86
P0023,2025-12-19,12,13.86
P0023,2025-12-20,13,14.14
P0023,2025-12-21,14,14.0
P0023,2025-12-22,9,13.43
P0023,2025-12-23,12,13.0
P0023,2025-12-24,12,12.43
P0023,2025-12-25,9,11.57
P0023,2025-12-26,8,11.0
P0023,2025-12-27,19,11.86
P0023,2025-12-28,16,12.14
P0023,2025-12-29,10,12.29
P0023,2025-12-30,13,12.43
P0023,2025-12-31,17,13.14
P0023,2026-01-01,5,12.57
P0023,2026-01-02,9,12.71
P0023,2026-01-03,8,11.14
P0023,2026-01-04,4,9.43
P0023,2026-01-05,5,8.71
P0023,2026-01-06,5,7.57
P0023,2026-01-07,10,6.57
P0023,2026-01-08,3,6.29
P0023,2026-01-09,8,6.14
P0023,2026-01-10,20,7.86
P0023,2026-01-11,4,7.86
P0023,2026-01-12,5,7.86
P0023,2026-01-13,7,8.14
P0023,2026-01-14,8,7.86
P0023,2026-01-15,3,7.86
P0023,2026-01-16,9,8.0
P0023,2026-01-17,7,6.14
P0023,2026-01-18,14,7.57
P0023,2026-01-19,6,7.71
P0023,2026-01-20,6,7.57
P0023,2026-01-21,7,7.43
P0023,2026-01-22,8,8.14
P0023,2026-01-23,6,7.71
P0023,2026-01-24,10,8.14
P0023,2026-01-25,9,7.43
P0023,2026-01-26,1,6.71
P0023,2026-01-27,13,7.71
P0023,2026-01-28,4,7.29
P0023,2026-01-29,7,7.14
P0023,2026-01-30,6,7.14
P0023,2026-01-31,10,7.14
P0023,2026-02-01,8,7.0
P0023,2026-02-02,7,7.86
P0023,2026-02-03,10,7.43
P0023,2026-02-04,10,8.29
P0023,2026-02-05,5,8.0
P0023,2026-02-06,7,8.14
P0023,2026-02-07,11,8.29
P0023,2026-02-08,9,8.43
P0023,2026-02-09,5,8.14
P0023,2026-02-10,6,7.57
P0023,2026-02-11,11,7.71
P0023,2026-02-12,7,8.0
P0023,2026-02-13,10,8.43
P0023,2026-02-14,6,7.71
P0023,2026-02-15,6,7.29
P0023,2026-02-16,8,7.71
P0023,2026-02-17,4,7.43
P0023,2026-02-18,8,7.0
P0023,2026-02-19,3,6.43
P0023,2026-02-20,9,6.29
P0023,2026-02-21,7,6.43
P0023,2026-02-22,7,6.57
P0023,2026-02-23,10,6.86
P0023,2026-02-24,9,7.57
P0023,2026-02-25,6,7.29
P0023,2026-02-26,7,7.86
P0023,2026-02-27,7,7.57
P0023,2026-02-28,8,7.71
P0023,2026-03-01,14,8.71
P0023,2026-03-02,9,8.57
P0023,2026-03-03,9,8.57
P0023,2026-03-04,11,9.29
P0023,2026-03-05,5,9.0
P0023,2026-03-06,9,9.29
P0023,2026-03-07,8,9.29
P0023,2026-03-08,4,7.86
P0023,2026-03-09,10,8.0
P0023,2026-03-10,10,8.14
P0023,2026-03-11,6,7.43
P0023,2026-03-12,8,7.86
P0023,2026-03-13,7,7.57
P0023,2026-03-14,17,8.86
P0023,2026-03-15,4,8.86
P0023,2026-03-16,6,8.29
P0023,2026-03-17,10,8.29
P0023,2026-03-18,6,8.29
P0023,2026-03-19,10,8.57
P0023,2026-03-20,5,8.29
P0023,2026-03-21,20,8.71
P0023,2026-03-22,7,9.14
P0023,2026-03-23,7,9.29
P0023,2026-03-24,11,9.43
P0023,2026-03-25,12,10.29
P0023,2026-03-26,12,10.57
P0023,2026-03-27,11,11.43
P0023,2026-03-28,9,9.86
P0023,2026-03-29,14,10.86
P0023,2026-03-30,11,11.43
P0023,2026-03-31,9,11.14
P0023,2026-04-01,10,10.86
P0023,2026-04-02,9,10.43
P0023,2026-04-03,15,11.0
P0023,2026-04-04,6,10.57
P0023,2026-04-05,8,9.71
P0023,2026-04-06,4,8.71
P0023,2026-04-07,3,7.86
P0023,2026-04-08,13,8.29
P0023,2026-04-09,15,9.14
P0023,2026-04-10,11,8.57
P0023,2026-04-11,7,8.71
P0023,2026-04-12,15,9.71
P0023,2026-04-13,6,10.0
P0023,2026-04-14,5,10.29
P0023,2026-04-15,6,9.29
P0023,2026-04-16,14,9.14
P0023,2026-04-17,12,9.29
P0023,2026-04-18,9,9.57
P0023,2026-04-19,13,9.29
P0023,2026-04-20,7,9.43
P0023,2026-04-21,5,9.43
P0023,2026-04-22,12,10.29
P0023,2026-04-23,7,9.29
P0023,2026-04-24,11,9.14
P0023,2026-04-25,15,10.0
P0023,2026-04-26,5,8.86
P0023,2026-04-27,7,8.86
P0023,2026-04-28,5,8.86
P0023,2026-04-29,9,8.43
P0023,2026-04-30,7,8.43
P0023,2026-05-01,10,8.29
P0023,2026-05-02,6,7.0
P0023,2026-05-03,20,9.14
P0023,2026-05-04,11,9.71
P0023,2026-05-05,12,10.71
P0023,2026-05-06,6,10.29
P0023,2026-05-07,13,11.14
P0023,2026-05-08,13,11.57
P0023,2026-05-09,7,11.71
P0023,2026-05-10,9,10.14
P0023,2026-05-11,6,9.43
P0023,2026-05-12,4,8.29
P0023,2026-05-13,6,8.29
P0023,2026-05-14,9,7.71
P0023,2026-05-15,10,7.29
P0023,2026-05-16,10,7.71
P0023,2026-05-17,12,8.14
P0023,2026-05-18,9,8.57
P0023,2026-05-19,3,8.43
P0023,2026-05-20,8,8.71
P0023,2026-05-21,14,9.43
P0023,2026-05-22,7,9.0
P0023,2026-05-23,10,9.0
P0023,2026-05-24,13,9.14
P0023,2026-05-25,10,9.29
P0023,2026-05-26,10,10.29
P0023,2026-05-27,5,9.86
P0023,2026-05-28,11,9.43
P0023,2026-05-29,7,9.43
P0023,2026-05-30,9,9.29
P0023,2026-05-31,9,8.71
P0023,2026-06-01,4,7.86
P0023,2026-06-02,17,8.86
P0023,2026-06-03,9,9.43
P0023,2026-06-04,9,9.14
P0023,2026-06-05,14,10.14
P0023,2026-06-06,6,9.71
P0023,2026-06-07,14,10.43
P0023,2026-06-08,10,11.29
P0023,2026-06-09,8,10.0
P0023,2026-06-10,7,9.71
P0023,2026-06-11,13,10.29
P0023,2026-06-12,13,10.14
P0023,2026-06-13,15,11.43
P0023,2026-06-14,13,11.29
P0023,2026-06-15,10,11.29
P0023,2026-06-16,6,11.0
P0023,2026-06-17,9,11.29
P0023,2026-06-18,14,11.43
P0023,2026-06-19,7,10.57
P0023,2026-06-20,8,9.57
P0023,2026-06-21,11,9.29
P0023,2026-06-22,9,9.14
P0023,2026-06-23,8,9.43
P0023,2026-06-24,7,9.14
P0023,2026-06-25,8,8.29
P0023,2026-06-26,14,9.29
P0023,2026-06-27,12,9.86
P0023,2026-06-28,9,9.57
P0023,2026-06-29,8,9.43
P0023,2026-06-30,6,9.14
P0023,2026-07-01,7,9.14
P0023,2026-07-02,8,9.14
P0023,2026-07-03,6,8.0
P0023,2026-07-04,11,7.86
P0023,2026-07-05,13,8.43
P0023,2026-07-06,11,8.86
P0023,2026-07-07,6,8.86
P0023,2026-07-08,10,9.29
P0023,2026-07-09,5,8.86
P0023,2026-07-10,13,9.86
P0023,2026-07-11,11,9.86
P0023,2026-07-12,10,9.43
P0023,2026-07-13,8,9.0
P0023,2026-07-14,6,9.0
P0023,2026-07-15,12,9.29
P0023,2026-07-16,4,9.14
P0023,2026-07-17,15,9.43
P0023,2026-07-18,11,9.43
P0023,2026-07-19,20,10.86
P0023,2026-07-20,1,9.86
P0023,2026-07-21,4,9.57
P0023,2026-07-22,8,9.0
P0023,2026-07-23,14,10.43
P0023,2026-07-24,10,9.71
P0023,2026-07-25,11,9.71
P0024,2025-07-26,11,11.0
P0024,2025-07-27,16,13.5
P0024,2025-07-28,19,15.33
P0024,2025-07-29,12,14.5
P0024,2025-07-30,20,15.6
P0024,2025-07-31,14,15.33
P0024,2025-08-01,9,14.43
P0024,2025-08-02,23,16.14
P0024,2025-08-03,9,15.14
P0024,2025-08-04,11,14.0
P0024,2025-08-05,15,14.43
P0024,2025-08-06,9,12.86
P0024,2025-08-07,10,12.29
P0024,2025-08-08,18,13.57
P0024,2025-08-09,18,12.86
P0024,2025-08-10,19,14.29
P0024,2025-08-11,12,14.43
P0024,2025-08-12,15,14.43
P0024,2025-08-13,18,15.71
P0024,2025-08-14,10,15.71
P0024,2025-08-15,17,15.57
P0024,2025-08-16,12,14.71
P0024,2025-08-17,28,16.0
P0024,2025-08-18,16,16.57
P0024,2025-08-19,16,16.71
P0024,2025-08-20,10,15.57
P0024,2025-08-21,7,15.14
P0024,2025-08-22,21,15.71
P0024,2025-08-23,20,16.86
P0024,2025-08-24,22,16.0
P0024,2025-08-25,17,16.14
P0024,2025-08-26,12,15.57
P0024,2025-08-27,9,15.43
P0024,2025-08-28,20,17.29
P0024,2025-08-29,22,17.43
P0024,2025-08-30,13,16.43
P0024,2025-08-31,22,16.43
P0024,2025-09-01,8,15.14
P0024,2025-09-02,13,15.29
P0024,2025-09-03,18,16.57
P0024,2025-09-04,20,16.57
P0024,2025-09-05,28,17.43
P0024,2025-09-06,11,17.14
P0024,2025-09-07,14,16.0
P0024,2025-09-08,11,16.43
P0024,2025-09-09,20,17.43
P0024,2025-09-10,15,17.0
P0024,2025-09-11,8,15.29
P0024,2025-09-12,14,13.29
P0024,2025-09-13,9,13.0
P0024,2025-09-14,21,14.0
P0024,2025-09-15,9,13.71
P0024,2025-09-16,22,14.0
P0024,2025-09-17,10,13.29
P0024,2025-09-18,17,14.57
P0024,2025-09-19,12,14.29
P0024,2025-09-20,19,15.71
P0024,2025-09-21,17,15.14
P0024,2025-09-22,22,17.0
P0024,2025-09-23,8,15.0
P0024,2025-09-24,5,14.29
P0024,2025-09-25,14,13.86
P0024,2025-09-26,23,15.43
P0024,2025-09-27,22,15.86
P0024,2025-09-28,15,15.57
P0024,2025-09-29,13,14.29
P0024,2025-09-30,10,14.57
P0024,2025-10-01,15,16.0
P0024,2025-10-02,11,15.57
P0024,2025-10-03,18,14.86
P0024,2025-10-04,14,13.71
P0024,2025-10-05,26,15.29
P0024,2025-10-06,17,15.86
P0024,2025-10-07,16,16.71
P0024,2025-10-08,17,17.0
P0024,2025-10-09,9,16.71
P0024,2025-10-10,12,15.86
P0024,2025-10-11,21,16.86
P0024,2025-10-12,17,15.57
P0024,2025-10-13,16,15.43
P0024,2025-10-14,12,14.86
P0024,2025-10-15,14,14.43
P0024,2025-10-16,10,14.57
P0024,2025-10-17,15,15.0
P0024,2025-10-18,18,14.57
P0024,2025-10-19,18,14.71
P0024,2025-10-20,14,14.43
P0024,2025-10-21,11,14.29
P0024,2025-10-22,14,14.29
P0024,2025-10-23,6,13.71
P0024,2025-10-24,20,14.43
P0024,2025-10-25,16,14.14
P0024,2025-10-26,17,14.0
P0024,2025-10-27,12,13.71
P0024,2025-10-28,13,14.0
P0024,2025-10-29,23,15.29
P0024,2025-10-30,10,15.86
P0024,2025-10-31,23,16.29
P0024,2025-11-01,30,18.29
P0024,2025-11-02,23,19.14
P0024,2025-11-03,18,20.0
P0024,2025-11-04,23,21.43
P0024,2025-11-05,14,20.14
P0024,2025-11-06,26,22.43
P0024,2025-11-07,24,22.57
P0024,2025-11-08,23,21.57
P0024,2025-11-09,29,22.43
P0024,2025-11-10,28,23.86
P0024,2025-11-11,22,23.71
P0024,2025-11-12,19,24.43
P0024,2025-11-13,14,22.71
P0024,2025-11-14,11,20.86
P0024,2025-11-15,11,19.14
P0024,2025-11-16,23,18.29
P0024,2025-11-17,24,17.71
P0024,2025-11-18,22,17.71
P0024,2025-11-19,19,17.71
P0024,2025-11-20,21,18.71
P0024,2025-11-21,33,21.86
P0024,2025-11-22,33,25.0
P0024,2025-11-23,27,25.57
P0024,2025-11-24,21,25.14
P0024,2025-11-25,12,23.71
P0024,2025-11-26,18,23.57
P0024,2025-11-27,4,21.14
P0024,2025-11-28,15,18.57
P0024,2025-11-29,17,16.29
P0024,2025-11-30,20,15.29
P0024,2025-12-01,19,15.0
P0024,2025-12-02,16,15.57
P0024,2025-12-03,14,15.0
P0024,2025-12-04,21,17.43
P0024,2025-12-05,21,18.29
P0024,2025-12-06,28,19.86
P0024,2025-12-07,29,21.14
P0024,2025-12-08,20,21.29
P0024,2025-12-09,12,20.71
P0024,2025-12-10,27,22.57
P0024,2025-12-11,17,22.0
P0024,2025-12-12,24,22.43
P0024,2025-12-13,23,21.71
P0024,2025-12-14,20,20.43
P0024,2025-12-15,18,20.14
P0024,2025-12-16,22,21.57
P0024,2025-12-17,23,21.0
P0024,2025-12-18,22,21.71
P0024,2025-12-19,17,20.71
P0024,2025-12-20,18,20.0
P0024,2025-12-21,20,20.0
P0024,2025-12-22,26,21.14
P0024,2025-12-23,12,19.71
P0024,2025-12-24,14,18.43
P0024,2025-12-25,21,18.29
P0024,2025-12-26,25,19.43
P0024,2025-12-27,24,20.29
P0024,2025-12-28,23,20.71
P0024,2025-12-29,18,19.57
P0024,2025-12-30,25,21.43
P0024,2025-12-31,19,22.14
P0024,2026-01-01,5,19.86
P0024,2026-01-02,11,17.86
P0024,2026-01-03,11,16.0
P0024,2026-01-04,16,15.0
P0024,2026-01-05,12,14.14
P0024,2026-01-06,13,12.43
P0024,2026-01-07,8,10.86
P0024,2026-01-08,14,12.14
P0024,2026-01-09,16,12.86
P0024,2026-01-10,15,13.43
P0024,2026-01-11,17,13.57
P0024,2026-01-12,9,13.14
P0024,2026-01-13,13,13.14
P0024,2026-01-14,11,13.57
P0024,2026-01-15,16,13.86
P0024,2026-01-16,17,14.0
P0024,2026-01-17,11,13.43
P0024,2026-01-18,14,13.0
P0024,2026-01-19,14,13.71
P0024,2026-01-20,11,13.43
P0024,2026-01-21,12,13.57
P0024,2026-01-22,12,13.0
P0024,2026-01-23,18,13.14
P0024,2026-01-24,15,13.71
P0024,2026-01-25,13,13.57
P0024,2026-01-26,19,14.29
P0024,2026-01-27,13,14.57
P0024,2026-01-28,15,15.0
P0024,2026-01-29,10,14.71
P0024,2026-01-30,22,15.29
P0024,2026-01-31,23,16.43
P0024,2026-02-01,14,16.57
P0024,2026-02-02,12,15.57
P0024,2026-02-03,17,16.14
P0024,2026-02-04,15,16.14
P0024,2026-02-05,12,16.43
P0024,2026-02-06,18,15.86
P0024,2026-02-07,19,15.29
P0024,2026-02-08,10,14.71
P0024,2026-02-09,9,14.29
P0024,2026-02-10,15,14.0
P0024,2026-02-11,10,13.29
P0024,2026-02-12,9,12.86
P0024,2026-02-13,8,11.43
P0024,2026-02-14,12,10.43
P0024,2026-02-15,16,11.29
P0024,2026-02-16,14,12.0
P0024,2026-02-17,14,11.86
P0024,2026-02-18,15,12.57
P0024,2026-02-19,9,12.57
P0024,2026-02-20,22,14.57
P0024,2026-02-21,13,14.71
P0024,2026-02-22,14,14.43
P0024,2026-02-23,12,14.14
P0024,2026-02-24,14,14.14
P0024,2026-02-25,9,13.29
P0024,2026-02-26,14,14.0
P0024,2026-02-27,12,12.57
P0024,2026-02-28,9,12.0
P0024,2026-03-01,19,12.71
P0024,2026-03-02,18,13.57
P0024,2026-03-03,8,12.71
P0024,2026-03-04,11,13.0
P0024,2026-03-05,7,12.0
P0024,2026-03-06,17,12.71
P0024,2026-03-07,20,14.29
P0024,2026-03-08,17,14.0
P0024,2026-03-09,19,14.14
P0024,2026-03-10,5,13.71
P0024,2026-03-11,20,15.0
P0024,2026-03-12,19,16.71
P0024,2026-03-13,18,16.86
P0024,2026-03-14,17,16.43
P0024,2026-03-15,14,16.0
P0024,2026-03-16,10,14.71
P0024,2026-03-17,16,16.29
P0024,2026-03-18,14,15.43
P0024,2026-03-19,14,14.71
P0024,2026-03-20,19,14.86
P0024,2026-03-21,17,14.86
P0024,2026-03-22,20,15.71
P0024,2026-03-23,12,16.0
P0024,2026-03-24,19,16.43
P0024,2026-03-25,14,16.43
P0024,2026-03-26,15,16.57
P0024,2026-03-27,27,17.71
P0024,2026-03-28,12,17.0
P0024,2026-03-29,11,15.71
P0024,2026-03-30,15,16.14
P0024,2026-03-31,13,15.29
P0024,2026-04-01,13,15.14
P0024,2026-04-02,17,15.43
P0024,2026-04-03,22,14.71
P0024,2026-04-04,16,15.29
P0024,2026-04-05,15,15.86
P0024,2026-04-06,21,16.71
P0024,2026-04-07,16,17.14
P0024,2026-04-08,10,16.71
P0024,2026-04-09,11,15.86
P0024,2026-04-10,15,14.86
P0024,2026-04-11,17,15.0
P0024,2026-04-12,20,15.71
P0024,2026-04-13,17,15.14
P0024,2026-04-14,17,15.29
P0024,2026-04-15,10,15.29
P0024,2026-04-16,18,16.29
P0024,2026-04-17,21,17.14
P0024,2026-04-18,20,17.57
P0024,2026-04-19,20,17.57
P0024,2026-04-20,17,17.57
P0024,2026-04-21,15,17.29
P0024,2026-04-22,9,17.14
P0024,2026-04-23,9,15.86
P0024,2026-04-24,16,15.14
P0024,2026-04-25,14,14.29
P0024,2026-04-26,13,13.29
P0024,2026-04-27,16,13.14
P0024,2026-04-28,13,12.86
P0024,2026-04-29,11,13.14
P0024,2026-04-30,14,13.86
P0024,2026-05-01,22,14.71
P0024,2026-05-02,15,14.86
P0024,2026-05-03,13,14.86
P0024,2026-05-04,13,14.43
P0024,2026-05-05,10,14.0
P0024,2026-05-06,16,14.71
P0024,2026-05-07,14,14.71
P0024,2026-05-08,18,14.14
P0024,2026-05-09,17,14.43
P0024,2026-05-10,26,16.29
P0024,2026-05-11,10,15.86
P0024,2026-05-12,17,16.86
P0024,2026-05-13,11,16.14
P0024,2026-05-14,12,15.86
P0024,2026-05-15,12,15.0
P0024,2026-05-16,16,14.86
P0024,2026-05-17,22,14.29
P0024,2026-05-18,22,16.0
P0024,2026-05-19,15,15.71
P0024,2026-05-20,11,15.71
P0024,2026-05-21,18,16.57
P0024,2026-05-22,18,17.43
P0024,2026-05-23,12,16.86
P0024,2026-05-24,14,15.71
P0024,2026-05-25,8,13.71
P0024,2026-05-26,16,13.86
P0024,2026-05-27,19,15.0
P0024,2026-05-28,12,14.14
P0024,2026-05-29,22,14.71
P0024,2026-05-30,18,15.57
P0024,2026-05-31,27,17.43
P0024,2026-06-01,5,17.0
P0024,2026-06-02,15,16.86
P0024,2026-06-03,12,15.86
P0024,2026-06-04,14,16.14
P0024,2026-06-05,19,15.71
P0024,2026-06-06,18,15.71
P0024,2026-06-07,16,14.14
P0024,2026-06-08,15,15.57
P0024,2026-06-09,13,15.29
P0024,2026-06-10,12,15.29
P0024,2026-06-11,22,16.43
P0024,2026-06-12,17,16.14
P0024,2026-06-13,12,15.29
P0024,2026-06-14,19,15.71
P0024,2026-06-15,13,15.43
P0024,2026-06-16,11,15.14
P0024,2026-06-17,11,15.0
P0024,2026-06-18,14,13.86
P0024,2026-06-19,17,13.86
P0024,2026-06-20,21,15.14
P0024,2026-06-21,18,15.0
P0024,2026-06-22,8,14.29
P0024,2026-06-23,11,14.29
P0024,2026-06-24,12,14.43
P0024,2026-06-25,11,14.0
P0024,2026-06-26,18,14.14
P0024,2026-06-27,17,13.57
P0024,2026-06-28,16,13.29
P0024,2026-06-29,16,14.43
P0024,2026-06-30,8,14.0
P0024,2026-07-01,9,13.57
P0024,2026-07-02,18,14.57
P0024,2026-07-03,18,14.57
P0024,2026-07-04,12,13.86
P0024,2026-07-05,20,14.43
P0024,2026-07-06,11,13.71
P0024,2026-07-07,15,14.71
P0024,2026-07-08,9,14.71
P0024,2026-07-09,14,14.14
P0024,2026-07-10,22,14.71
P0024,2026-07-11,19,15.71
P0024,2026-07-12,19,15.57
P0024,2026-07-13,10,15.43
P0024,2026-07-14,18,15.86
P0024,2026-07-15,10,16.0
P0024,2026-07-16,12,15.71
P0024,2026-07-17,19,15.29
P0024,2026-07-18,15,14.71
P0024,2026-07-19,13,13.86
P0024,2026-07-20,15,14.57
P0024,2026-07-21,9,13.29
P0024,2026-07-22,14,13.86
P0024,2026-07-23,9,13.43
P0024,2026-07-24,17,13.14
P0024,2026-07-25,15,13.14
P0025,2025-07-26,76,76.0
P0025,2025-07-27,59,67.5
P0025,2025-07-28,45,60.0
P0025,2025-07-29,54,58.5
P0025,2025-07-30,55,57.8
P0025,2025-07-31,59,58.0
P0025,2025-08-01,73,60.14
P0025,2025-08-02,64,58.43
P0025,2025-08-03,71,60.14
P0025,2025-08-04,65,63.0
P0025,2025-08-05,56,63.29
P0025,2025-08-06,55,63.29
P0025,2025-08-07,42,60.86
P0025,2025-08-08,74,61.0
P0025,2025-08-09,72,62.14
P0025,2025-08-10,91,65.0
P0025,2025-08-11,67,65.29
P0025,2025-08-12,48,64.14
P0025,2025-08-13,51,63.57
P0025,2025-08-14,62,66.43
P0025,2025-08-15,79,67.14
P0025,2025-08-16,85,69.0
P0025,2025-08-17,72,66.29
P0025,2025-08-18,48,63.57
P0025,2025-08-19,44,63.0
P0025,2025-08-20,56,63.71
P0025,2025-08-21,61,63.57
P0025,2025-08-22,71,62.43
P0025,2025-08-23,64,59.43
P0025,2025-08-24,75,59.86
P0025,2025-08-25,54,60.71
P0025,2025-08-26,51,61.71
P0025,2025-08-27,52,61.14
P0025,2025-08-28,54,60.14
P0025,2025-08-29,64,59.14
P0025,2025-08-30,61,58.71
P0025,2025-08-31,80,59.43
P0025,2025-09-01,56,59.71
P0025,2025-09-02,49,59.43
P0025,2025-09-03,59,60.43
P0025,2025-09-04,57,60.86
P0025,2025-09-05,74,62.29
P0025,2025-09-06,73,64.0
P0025,2025-09-07,73,63.0
P0025,2025-09-08,59,63.43
P0025,2025-09-09,57,64.57
P0025,2025-09-10,52,63.57
P0025,2025-09-11,58,63.71
P0025,2025-09-12,61,61.86
P0025,2025-09-13,72,61.71
P0025,2025-09-14,81,62.86
P0025,2025-09-15,37,59.71
P0025,2025-09-16,58,59.86
P0025,2025-09-17,54,60.14
P0025,2025-09-18,64,61.0
P0025,2025-09-19,90,65.14
P0025,2025-09-20,74,65.43
P0025,2025-09-21,75,64.57
P0025,2025-09-22,66,68.71
P0025,2025-09-23,65,69.71
P0025,2025-09-24,56,70.0
P0025,2025-09-25,61,69.57
P0025,2025-09-26,73,67.14
P0025,2025-09-27,62,65.43
P0025,2025-09-28,77,65.71
P0025,2025-09-29,57,64.43
P0025,2025-09-30,63,64.14
P0025,2025-10-01,57,64.29
P0025,2025-10-02,53,63.14
P0025,2025-10-03,56,60.71
P0025,2025-10-04,75,62.57
P0025,2025-10-05,64,60.71
P0025,2025-10-06,60,61.14
P0025,2025-10-07,63,61.14
P0025,2025-10-08,55,60.86
P0025,2025-10-09,60,61.86
P0025,2025-10-10,74,64.43
P0025,2025-10-11,65,63.0
P0025,2025-10-12,68,63.57
P0025,2025-10-13,48,61.86
P0025,2025-10-14,56,60.86
P0025,2025-10-15,40,58.71
P0025,2025-10-16,55,58.0
P0025,2025-10-17,70,57.43
P0025,2025-10-18,65,57.43
P0025,2025-10-19,61,56.43
P0025,2025-10-20,49,56.57
P0025,2025-10-21,56,56.57
P0025,2025-10-22,57,59.0
P0025,2025-10-23,58,59.43
P0025,2025-10-24,64,58.57
P0025,2025-10-25,76,60.14
P0025,2025-10-26,72,61.71
P0025,2025-10-27,53,62.29
P0025,2025-10-28,58,62.57
P0025,2025-10-29,66,63.86
P0025,2025-10-30,56,63.57
P0025,2025-10-31,69,64.29
P0025,2025-11-01,119,70.43
P0025,2025-11-02,94,73.57
P0025,2025-11-03,98,80.0
P0025,2025-11-04,73,82.14
P0025,2025-11-05,75,83.43
P0025,2025-11-06,67,85.0
P0025,2025-11-07,100,89.43
P0025,2025-11-08,97,86.29
P0025,2025-11-09,95,86.43
P0025,2025-11-10,56,80.43
P0025,2025-11-11,73,80.43
P0025,2025-11-12,59,78.14
P0025,2025-11-13,68,78.29
P0025,2025-11-14,106,79.14
P0025,2025-11-15,107,80.57
P0025,2025-11-16,97,80.86
P0025,2025-11-17,68,82.57
P0025,2025-11-18,69,82.0
P0025,2025-11-19,71,83.71
P0025,2025-11-20,67,83.57
P0025,2025-11-21,103,83.14
P0025,2025-11-22,112,83.86
P0025,2025-11-23,74,80.57
P0025,2025-11-24,34,75.71
P0025,2025-11-25,62,74.71
P0025,2025-11-26,87,77.0
P0025,2025-11-27,94,80.86
P0025,2025-11-28,110,81.86
P0025,2025-11-29,123,83.43
P0025,2025-11-30,76,83.71
P0025,2025-12-01,41,84.71
P0025,2025-12-02,53,83.43
P0025,2025-12-03,80,82.43
P0025,2025-12-04,88,81.57
P0025,2025-12-05,111,81.71
P0025,2025-12-06,74,74.71
P0025,2025-12-07,69,73.71
P0025,2025-12-08,49,74.86
P0025,2025-12-09,71,77.43
P0025,2025-12-10,60,74.57
P0025,2025-12-11,99,76.14
P0025,2025-12-12,101,74.71
P0025,2025-12-13,106,79.29
P0025,2025-12-14,100,83.71
P0025,2025-12-15,72,87.0
P0025,2025-12-16,54,84.57
P0025,2025-12-17,68,85.71
P0025,2025-12-18,77,82.57
P0025,2025-12-19,102,82.71
P0025,2025-12-20,97,81.43
P0025,2025-12-21,63,76.14
P0025,2025-12-22,39,71.43
P0025,2025-12-23,74,74.29
P0025,2025-12-24,63,73.57
P0025,2025-12-25,89,75.29
P0025,2025-12-26,107,76.0
P0025,2025-12-27,92,75.29
P0025,2025-12-28,104,81.14
P0025,2025-12-29,64,84.71
P0025,2025-12-30,56,82.14
P0025,2025-12-31,61,81.86
P0025,2026-01-01,37,74.43
P0025,2026-01-02,62,68.0
P0025,2026-01-03,66,64.29
P0025,2026-01-04,64,58.57
P0025,2026-01-05,44,55.71
P0025,2026-01-06,51,55.0
P0025,2026-01-07,52,53.71
P0025,2026-01-08,48,55.29
P0025,2026-01-09,63,55.43
P0025,2026-01-10,50,53.14
P0025,2026-01-11,56,52.0
P0025,2026-01-12,60,54.29
P0025,2026-01-13,50,54.14
P0025,2026-01-14,50,53.86
P0025,2026-01-15,45,53.43
P0025,2026-01-16,64,53.57
P0025,2026-01-17,59,54.86
P0025,2026-01-18,51,54.14
P0025,2026-01-19,32,50.14
P0025,2026-01-20,41,48.86
P0025,2026-01-21,44,48.0
P0025,2026-01-22,44,47.86
P0025,2026-01-23,69,48.57
P0025,2026-01-24,58,48.43
P0025,2026-01-25,55,49.0
P0025,2026-01-26,43,50.57
P0025,2026-01-27,56,52.71
P0025,2026-01-28,53,54.0
P0025,2026-01-29,35,52.71
P0025,2026-01-30,65,52.14
P0025,2026-01-31,68,53.57
P0025,2026-02-01,55,53.57
P0025,2026-02-02,38,52.86
P0025,2026-02-03,50,52.0
P0025,2026-02-04,56,52.43
P0025,2026-02-05,43,53.57
P0025,2026-02-06,58,52.57
P0025,2026-02-07,63,51.86
P0025,2026-02-08,61,52.71
P0025,2026-02-09,43,53.43
P0025,2026-02-10,61,55.0
P0025,2026-02-11,45,53.43
P0025,2026-02-12,54,55.0
P0025,2026-02-13,72,57.0
P0025,2026-02-14,65,57.29
P0025,2026-02-15,67,58.14
P0025,2026-02-16,60,60.57
P0025,2026-02-17,44,58.14
P0025,2026-02-18,49,58.71
P0025,2026-02-19,51,58.29
P0025,2026-02-20,50,55.14
P0025,2026-02-21,63,54.86
P0025,2026-02-22,70,55.29
P0025,2026-02-23,52,54.14
P0025,2026-02-24,42,53.86
P0025,2026-02-25,38,52.29
P0025,2026-02-26,38,50.43
P0025,2026-02-27,56,51.29
P0025,2026-02-28,54,50.0
P0025,2026-03-01,70,50.0
P0025,2026-03-02,52,50.0
P0025,2026-03-03,62,52.86
P0025,2026-03-04,53,55.0
P0025,2026-03-05,50,56.71
P0025,2026-03-06,71,58.86
P0025,2026-03-07,73,61.57
P0025,2026-03-08,54,59.29
P0025,2026-03-09,45,58.29
P0025,2026-03-10,50,56.57
P0025,2026-03-11,53,56.57
P0025,2026-03-12,64,58.57
P0025,2026-03-13,60,57.0
P0025,2026-03-14,74,57.14
P0025,2026-03-15,83,61.29
P0025,2026-03-16,59,63.29
P0025,2026-03-17,54,63.86
P0025,2026-03-18,56,64.29
P0025,2026-03-19,67,64.71
P0025,2026-03-20,93,69.43
P0025,2026-03-21,72,69.14
P0025,2026-03-22,65,66.57
P0025,2026-03-23,60,66.71
P0025,2026-03-24,57,67.14
P0025,2026-03-25,62,68.0
P0025,2026-03-26,49,65.43
P0025,2026-03-27,74,62.71
P0025,2026-03-28,69,62.29
P0025,2026-03-29,75,63.71
P0025,2026-03-30,55,63.0
P0025,2026-03-31,61,63.57
P0025,2026-04-01,58,63.0
P0025,2026-04-02,69,65.86
P0025,2026-04-03,60,63.86
P0025,2026-04-04,71,64.14
P0025,2026-04-05,69,63.29
P0025,2026-04-06,51,62.71
P0025,2026-04-07,49,61.0
P0025,2026-04-08,65,62.0
P0025,2026-04-09,68,61.86
P0025,2026-04-10,78,64.43
P0025,2026-04-11,67,63.86
P0025,2026-04-12,65,63.29
P0025,2026-04-13,57,64.14
P0025,2026-04-14,42,63.14
P0025,2026-04-15,59,62.29
P0025,2026-04-16,56,60.57
P0025,2026-04-17,76,60.29
P0025,2026-04-18,70,60.71
P0025,2026-04-19,68,61.14
P0025,2026-04-20,52,60.43
P0025,2026-04-21,60,63.0
P0025,2026-04-22,37,59.86
P0025,2026-04-23,57,60.0
P0025,2026-04-24,71,59.29
P0025,2026-04-25,71,59.43
P0025,2026-04-26,88,62.29
P0025,2026-04-27,63,63.86
P0025,2026-04-28,60,63.86
P0025,2026-04-29,72,68.86
P0025,2026-04-30,54,68.43
P0025,2026-05-01,55,66.14
P0025,2026-05-02,75,66.71
P0025,2026-05-03,67,63.71
P0025,2026-05-04,48,61.57
P0025,2026-05-05,55,60.86
P0025,2026-05-06,54,58.29
P0025,2026-05-07,56,58.57
P0025,2026-05-08,62,59.57
P0025,2026-05-09,69,58.71
P0025,2026-05-10,53,56.71
P0025,2026-05-11,61,58.57
P0025,2026-05-12,62,59.57
P0025,2026-05-13,70,61.86
P0025,2026-05-14,68,63.57
P0025,2026-05-15,87,67.14
P0025,2026-05-16,62,66.14
P0025,2026-05-17,60,67.14
P0025,2026-05-18,60,67.0
P0025,2026-05-19,57,66.29
P0025,2026-05-20,61,65.0
P0025,2026-05-21,56,63.29
P0025,2026-05-22,68,60.57
P0025,2026-05-23,68,61.43
P0025,2026-05-24,71,63.0
P0025,2026-05-25,54,62.14
P0025,2026-05-26,59,62.43
P0025,2026-05-27,59,62.14
P0025,2026-05-28,56,62.14
P0025,2026-05-29,67,62.0
P0025,2026-05-30,80,63.71
P0025,2026-05-31,77,64.57
P0025,2026-06-01,70,66.86
P0025,2026-06-02,42,64.43
P0025,2026-06-03,48,62.86
P0025,2026-06-04,56,62.86
P0025,2026-06-05,70,63.29
P0025,2026-06-06,79,63.14
P0025,2026-06-07,82,63.86
P0025,2026-06-08,59,62.29
P0025,2026-06-09,58,64.57
P0025,2026-06-10,67,67.29
P0025,2026-06-11,57,67.43
P0025,2026-06-12,80,68.86
P0025,2026-06-13,63,66.57
P0025,2026-06-14,72,65.14
P0025,2026-06-15,51,64.0
P0025,2026-06-16,59,64.14
P0025,2026-06-17,65,63.86
P0025,2026-06-18,71,65.86
P0025,2026-06-19,74,65.0
P0025,2026-06-20,74,66.57
P0025,2026-06-21,86,68.57
P0025,2026-06-22,48,68.14
P0025,2026-06-23,55,67.57
P0025,2026-06-24,57,66.43
P0025,2026-06-25,70,66.29
P0025,2026-06-26,68,65.43
P0025,2026-06-27,70,64.86
P0025,2026-06-28,70,62.57
P0025,2026-06-29,48,62.57
P0025,2026-06-30,55,62.57
P0025,2026-07-01,43,60.57
P0025,2026-07-02,73,61.0
P0025,2026-07-03,54,59.0
P0025,2026-07-04,69,58.86
P0025,2026-07-05,76,59.71
P0025,2026-07-06,52,60.29
P0025,2026-07-07,61,61.14
P0025,2026-07-08,79,66.29
P0025,2026-07-09,63,64.86
P0025,2026-07-10,61,65.86
P0025,2026-07-11,85,68.14
P0025,2026-07-12,73,67.71
P0025,2026-07-13,51,67.57
P0025,2026-07-14,58,67.14
P0025,2026-07-15,68,65.57
P0025,2026-07-16,60,65.14
P0025,2026-07-17,64,65.57
P0025,2026-07-18,67,63.0
P0025,2026-07-19,71,62.71
P0025,2026-07-20,56,63.43
P0025,2026-07-21,48,62.0
P0025,2026-07-22,63,61.29
P0025,2026-07-23,60,61.29
P0025,2026-07-24,60,60.71
P0025,2026-07-25,71,61.29
